10.8700001239777,118,-412,15865,-17,98,110,-37,-1003,16332,371,6,102,-908,-853,16392,-38,48,23,-1053,31,15433,-72,182,-170,-955,-102,16261,-224,321,110,0,0,0,0,0
10.8800001144409,205,-264,15684,-56,179,223,-300,-1240,16113,786,-103,217,-947,-1096,16359,-48,89,108,-857,-562,15223,-364,259,-52,-1049,-144,15986,-320,597,310,122,12,0,0,0
10.9000000953674,-30,-499,15948,94,139,238,117,-591,16516,583,167,265,-895,-853,16457,32,-64,-11,-1022,168,15315,-91,99,-224,-1101,-52,16383,-423,499,289,168,21,0,0,0
10.9100000858307,54,-626,15937,39,154,59,-32,-780,16436,666,-81,169,-917,-852,16403,-26,72,30,-984,-99,15359,-110,183,-227,-960,-141,16331,-501,636,336,0,0,0,0,0
10.9200000762939,-84,-416,15833,5,182,142,77,-745,16429,567,22,155,-923,-945,16543,-54,54,-20,-934,-53,15452,-169,150,-271,-1180,28,16319,-514,711,409,0,0,0,0,0
10.9400000572205,55,-519,15953,20,136,90,-70,-782,16435,719,83,185,-1007,-875,16400,-60,94,5,-999,-87,15498,-161,153,-211,-947,-163,16395,-436,553,306,115,13,0,0,0
10.9500000476837,7,-443,15772,-26,192,119,-51,-784,16390,587,79,155,-922,-860,16382,-58,52,-29,-1045,-26,15485,-141,321,-256,-1150,-110,16425,-357,466,211,189,19,0,0,0
10.960000038147,93,-596,15763,-2,210,177,17,-712,16461,674,-26,205,-942,-916,16403,-59,121,45,-860,-100,15468,-173,60,-193,-1026,-152,16447,-377,506,185,2,0,0,0,0
10.9700000286102,-134,-482,15818,-79,267,163,65,-725,16343,690,-68,145,-921,-931,16441,-78,140,18,-835,-212,15544,-294,186,-190,-1008,-127,16462,-358,525,200,0,0,0,0,0
10.9900000095367,-136,-551,15805,-55,221,117,49,-666,16390,597,28,167,-917,-913,16516,-28,93,1,-739,-118,15589,-146,74,-207,-1141,-79,16365,-405,569,300,51,2,0,0,0
11,-56,-528,15965,-9,281,186,28,-683,16398,719,13,188,-992,-925,16411,-67,83,10,-1010,-112,15545,-147,293,-224,-1182,-192,16441,-364,543,233,166,10,0,0,0
11.0099999904633,28,-474,15838,-1,269,229,-70,-816,16440,740,-9,222,-939,-871,16455,-61,78,22,-1025,-58,15443,-183,238,-199,-1195,-107,16400,-333,513,180,24,4,0,0,0
11.0299999713898,-7,-604,15949,-8,257,196,33,-656,16412,762,-22,206,-974,-939,16421,-82,155,54,-1066,-185,15389,-240,232,-200,-1120,-221,16446,-312,474,110,0,0,0,0,0
11.039999961853,-139,-537,15907,-18,305,198,40,-603,16400,719,-25,202,-969,-880,16392,-81,103,28,-1039,-85,15461,-225,171,-181,-1164,-188,16548,-302,429,138,0,0,0,0,0
11.0499999523163,-61,-534,15844,-28,287,134,-8,-539,16411,658,-1,200,-955,-936,16433,-92,143,29,-886,-104,15516,-172,69,-163,-1009,-170,16542,-349,486,168,107,9,0,0,0
11.0599999427795,-168,-578,15871,-6,283,186,49,-533,16439,704,-52,185,-993,-946,16509,-103,168,47,-969,-254,15420,-197,208,-201,-1093,-161,16316,-426,554,212,166,15,0,0,0
11.0800001621246,-144,-517,15834,36,166,98,58,-568,16454,455,3,167,-886,-887,16461,-51,-7,9,-1027,-114,15446,-67,192,-191,-1187,-244,16407,-288,488,146,0,0,0,0,0
11.0900001525879,-161,-591,15959,21,171,113,36,-509,16454,394,16,149,-842,-912,16500,-44,46,34,-1032,-25,15402,-112,212,-119,-1126,-249,16474,-183,304,32,0,0,0,0,0
11.1000001430511,-127,-563,15996,-47,121,34,5,-533,16447,279,10,72,-975,-910,16428,-43,50,7,-1090,-69,15421,-137,120,-114,-1126,-249,16474,-183,304,32,86,14,0,0,0
11.1100001335144,-103,-488,15970,-39,112,38,6,-567,16479,200,-11,65,-980,-880,16414,-38,70,23,-1057,-93,15388,-102,25,-35,-1188,-235,16482,-67,61,-41,175,17,0,0,0
11.1300001144409,-119,-496,15973,-35,94,34,13,-518,16471,115,-24,58,-975,-954,16482,-32,55,19,-971,-255,15459,-88,60,-28,-1167,-251,16411,-24,42,-44,0,0,0,0,0
11.1400001049042,-171,-522,15859,-19,81,60,50,-450,16339,43,-11,71,-977,-862,16433,-14,12,6,-951,-83,15439,-22,40,-25,-1256,-214,16407,2,-62,-52,0,0,0,0,0
11.1500000953674,-90,-512,15875,-26,55,11,10,-531,16398,-12,-5,35,-961,-916,16456,-15,16,10,-994,-162,15413,-26,91,-6,-1113,-231,16474,12,-69,-55,111,12,0,0,0
11.1600000858307,-216,-545,15926,-18,56,25,55,-499,16379,9,-22,41,-1011,-965,16521,-20,12,21,-985,-109,15443,12,-1,6,-1167,-184,16421,9,-79,-40,106,14,0,0,0
11.1700000762939,-121,-521,15875,-22,33,2,-7,-589,16469,-36,3,13,-925,-913,16457,-20,11,-4,-1025,-102,15468,-17,32,10,-1152,-212,16406,2,-59,-38,0,0,0,0,0
11.1900000572205,-134,-514,15957,-41,42,9,44,-494,16440,-7,-16,9,-941,-905,16487,-8,12,4,-1010,-152,15449,-17,1,19,-1147,-195,16436,10,-48,-58,68,6,0,0,0
11.2000000476837,-140,-487,15951,-22,20,6,22,-555,16430,-22,-11,13,-925,-900,16380,-12,-9,-4,-999,-139,15443,-5,34,11,-1157,-194,16397,-17,-4,-21,179,21,0,0,0
11.210000038147,-155,-508,15946,-7,30,18,4,-519,16467,-17,0,18,-985,-965,16500,-18,-21,-2,-998,-111,15474,15,45,0,-1174,-220,16447,-6,12,-29,2,0,0,0,0
11.2200000286102,-115,-495,15933,-12,20,8,-4,-540,16401,-23,-2,21,-951,-960,16469,-13,3,-3,-974,-91,15475,37,45,8,-1160,-183,16442,-8,15,-13,0,0,0,0,0
11.2400000095367,-118,-483,15962,-19,7,13,-1,-523,16483,-23,-3,25,-962,-904,16458,-12,-14,4,-1011,-152,15410,10,46,15,-1143,-249,16375,-4,-6,-23,89,7,0,0,0
11.25,-113,-503,15912,-15,22,7,13,-560,16354,-19,-5,5,-947,-908,16418,-2,-5,2,-1002,-83,15400,1,13,11,-1165,-230,16455,-4,-22,-10,70,12,0,0,0
11.2599999904633,-133,-502,15968,-16,34,11,12,-487,16427,-28,4,7,-935,-902,16459,-15,0,2,-989,-112,15365,12,9,14,-1213,-182,16434,-5,-32,2,0,0,0,0,0
11.2699999809265,-72,-545,15893,-15,16,5,-3,-539,16409,-37,-3,3,-883,-896,16464,-11,-23,6,-1007,-120,15487,1,19,6,-1162,-219,16429,-8,-43,-5,83,10,0,0,0
11.2799999713898,-114,-572,15899,-11,12,13,21,-538,16399,-18,0,14,-946,-939,16444,-3,-23,-3,-981,-126,15458,8,36,11,-1188,-201,16423,10,-44,-19,169,19,0,0,0
11.289999961853,-165,-497,15892,-1,7,9,34,-548,16396,-10,0,15,-942,-903,16450,-13,9,9,-987,-90,15471,14,47,12,-1239,-206,16453,13,-37,-22,0,0,0,0,0
11.2999999523163,-101,-465,15967,-20,20,9,56,-550,16374,-11,-3,20,-893,-878,16450,-5,0,18,-1019,-126,15385,-6,22,12,-1157,-199,16384,9,-47,-44,0,0,0,0,0
11.3199999332428,-102,-523,15846,-4,33,24,38,-596,16390,2,-22,29,-923,-921,16501,2,-5,12,-970,-106,15444,-6,25,22,-1175,-192,16423,19,-51,-46,171,14,0,0,0
11.3300001621246,-130,-549,15905,-21,33,22,-5,-501,16420,28,-19,31,-923,-932,16517,-6,2,24,-984,-139,15417,-19,20,14,-1132,-192,16393,2,-38,-43,10,0,0,0,0
11.3400001525879,-178,-545,15966,-26,40,27,41,-495,16479,1,-29,13,-945,-902,16508,-14,23,0,-984,-139,15417,-19,20,14,-1140,-202,16402,-15,-11,-17,0,0,0,0,0
11.3500001430511,-144,-509,15957,-2,-2,-6,19,-511,16403,-18,27,24,-870,-898,16497,7,13,-11,-988,-104,15441,7,50,3,-1167,-194,16428,-20,18,-12,61,5,0,0,0
11.3600001335144,-108,-555,15887,-11,23,-2,-17,-503,16453,-27,18,7,-963,-941,16420,17,-11,6,-976,-86,15409,13,38,3,-1169,-200,16399,-11,11,-10,150,15,0,0,0
11.3700001239777,-125,-504,15884,-22,11,11,27,-558,16429,-22,3,20,-935,-956,16465,-11,-5,2,-1021,-121,15403,5,34,6,-1196,-227,16438,-18,16,-13,0,0,0,0,0
11.3900001049042,-142,-518,15932,-10,14,6,12,-540,16461,-18,2,24,-948,-926,16436,3,-16,-5,-1016,-106,15401,4,27,7,-1187,-183,16418,-17,-4,-14,21,0,0,0,0
11.4000000953674,-137,-546,15931,-6,19,10,3,-547,16432,-13,5,28,-925,-929,16403,-11,-11,-4,-1010,-121,15415,12,4,5,-1175,-210,16422,-7,-10,-14,133,15,0,0,0
11.4100000858307,-146,-552,15942,-9,19,1,17,-516,16422,-18,2,13,-956,-924,16445,2,-9,5,-1013,-89,15432,15,25,19,-1169,-231,16439,-20,1,-14,1,0,0,0,0
11.4200000762939,-105,-502,15987,-5,24,7,-17,-547,16420,-3,-8,25,-946,-934,16511,-4,-8,7,-992,-124,15404,3,23,15,-1187,-191,16424,-13,-7,-12,0,0,0,0,0
11.4400000572205,-160,-524,15979,-6,23,10,-9,-488,16417,-14,0,20,-939,-958,16491,-18,-5,3,-1015,-116,15425,22,32,16,-1161,-241,16400,-13,7,-11,104,10,0,0,0
11.4400000572205,-96,-500,15887,-1,13,7,-1,-545,16386,-21,13,14,-950,-909,16491,-11,6,7,-1005,-153,15433,25,28,6,-1177,-172,16411,3,-14,-17,69,9,0,0,0
11.460000038147,-87,-511,15896,-12,20,10,49,-536,16388,-8,0,11,-976,-958,16462,-21,-5,0,-999,-115,15438,7,21,18,-1178,-210,16446,-4,-14,-24,0,0,0,0,0
11.4700000286102,-89,-515,15934,-10,26,4,17,-568,16367,-17,4,22,-977,-923,16417,4,-11,6,-984,-122,15456,1,18,3,-1210,-196,16443,-3,-8,-3,103,7,0,0,0
11.4800000190735,-114,-497,15950,-5,29,4,6,-498,16391,-21,11,19,-988,-948,16428,3,-4,-1,-1018,-159,15461,4,24,5,-1179,-189,16439,-7,-3,-8,152,15,0,0,0
11.4900000095367,-121,-539,15914,-11,16,7,9,-530,16387,-23,5,27,-934,-935,16455,-1,-21,6,-979,-102,15446,-12,38,3,-1146,-206,16477,-8,-8,-18,0,0,0,0,0
11.5099999904633,-151,-547,15848,-12,15,10,-1,-563,16407,-14,12,20,-937,-946,16462,-9,-16,-4,-961,-112,15441,10,45,9,-1167,-196,16500,-9,3,-11,44,1,0,0,0
11.5099999904633,-121,-507,15878,-12,10,6,38,-578,16408,-14,0,17,-948,-920,16520,-6,-3,2,-994,-113,15413,1,15,13,-1164,-209,16458,-3,-6,-5,172,21,0,0,0
11.5299999713898,-156,-511,15926,-9,9,5,32,-537,16428,-18,-2,20,-983,-929,16476,-3,-6,0,-1041,-132,15435,-4,25,21,-1168,-195,16419,-10,3,-4,0,0,0,0,0
11.539999961853,-93,-506,15970,-12,7,16,8,-511,16430,-14,13,16,-901,-933,16445,1,-10,-1,-1010,-119,15399,13,19,9,-1153,-193,16378,-4,8,-11,0,0,0,0,0
11.5499999523163,-154,-526,15891,-13,25,23,-3,-514,16398,-29,11,12,-940,-908,16516,-3,-3,10,-1003,-111,15439,11,24,20,-1118,-148,16408,-3,-1,-12,95,8,0,0,0
11.5599999427795,-111,-518,15915,-25,21,4,-8,-502,16428,-14,-2,14,-961,-925,16434,-2,-8,4,-989,-122,15414,1,28,14,-1202,-216,16402,-18,-8,-16,30,6,0,0,0
11.5800001621246,-128,-495,15906,-2,23,10,11,-520,16432,-16,8,9,-951,-933,16485,-13,-7,0,-1010,-107,15385,14,20,10,-1194,-239,16503,-15,-9,-14,0,0,0,0,0
11.5800001621246,-99,-509,15841,-9,18,-1,30,-531,16439,-14,4,20,-967,-932,16441,-13,-7,0,-1000,-133,15412,7,37,2,-1192,-203,16388,-6,-19,-7,71,8,0,0,0
11.6000001430511,-129,-501,15859,-2,26,11,15,-534,16409,-23,-2,16,-926,-913,16427,-4,-12,-1,-999,-126,15452,11,21,6,-1202,-174,16401,-19,-2,-8,164,17,0,0,0
11.6100001335144,-108,-561,15907,-9,30,8,13,-582,16433,-14,-6,23,-965,-905,16461,-18,11,6,-1030,-115,15411,6,32,7,-1146,-183,16431,-8,-2,-15,0,0,0,0,0
11.6200001239777,-98,-532,15922,-23,7,0,23,-496,16432,-3,1,16,-927,-905,16493,-7,-17,15,-975,-113,15414,11,35,9,-1205,-180,16451,-13,-16,-14,16,0,0,0,0
11.6300001144409,-129,-512,15948,-6,20,-3,42,-550,16462,-11,-7,20,-942,-944,16461,-21,-8,8,-975,-155,15410,8,24,0,-1185,-201,16423,6,-11,-13,165,19,0,0,0
11.6400001049042,-113,-540,15924,1,21,10,26,-537,16393,-6,-1,13,-938,-915,16488,1,-21,-2,-994,-100,15403,14,36,15,-1182,-200,16458,-7,-3,-7,0,0,0,0,0
11.6600000858307,-92,-537,15954,-15,14,9,-1,-569,16434,2,2,18,-948,-904,16493,-29,-17,2,-1020,-90,15456,8,25,15,-1175,-225,16433,-12,2,-15,0,0,0,0,0
11.6700000762939,-129,-496,15888,-18,21,18,33,-505,16496,-25,5,12,-969,-914,16495,-2,-3,12,-1022,-107,15435,7,15,18,-1178,-210,16460,1,8,-22,110,11,0,0,0
11.6800000667572,-113,-549,15904,-6,24,3,27,-548,16435,-16,2,7,-934,-921,16468,-1,-24,2,-1006,-126,15418,7,30,12,-1184,-210,16427,-8,-6,-21,27,5,0,0,0
11.6900000572205,-130,-574,15860,-4,17,6,-8,-519,16407,-13,-2,21,-972,-924,16440,-1,-11,0,-1016,-138,15377,-3,25,18,-1167,-194,16455,-8,-21,-10,0,0,0,0,0
11.7000000476837,-138,-543,15895,-11,14,-5,11,-540,16446,-10,4,18,-954,-928,16510,-11,-11,6,-1018,-131,15492,14,25,4,-1149,-225,16395,-11,-11,-12,79,5,0,0,0
11.710000038147,-95,-526,15922,-11,21,0,25,-545,16418,-10,9,18,-961,-935,16450,13,1,9,-1034,-148,15394,9,36,17,-1189,-239,16442,-8,-16,-1,185,16,0,0,0
11.7300000190735,-129,-535,15818,-19,12,18,17,-521,16428,-12,-8,14,-987,-989,16456,-2,2,7,-1006,-119,15447,9,35,10,-1166,-216,16405,-9,3,-4,0,0,0,0,0
11.7400000095367,-88,-552,15900,-3,16,2,-2,-501,16391,-11,9,13,-951,-947,16422,-10,-4,14,-1011,-128,15467,1,23,12,-1184,-215,16440,-22,-8,-11,22,0,0,0,0
11.75,-143,-547,15901,-18,16,5,6,-561,16442,-17,10,17,-912,-937,16502,-18,-4,12,-971,-132,15477,10,32,20,-1168,-207,16389,2,-5,-22,166,13,0,0,0
11.7599999904633,-130,-531,15956,-12,18,12,-20,-572,16425,-14,2,3,-943,-937,16438,-5,-4,6,-1032,-75,15384,13,22,14,-1181,-223,16384,-14,-18,-12,8,0,0,0,0
11.7699999809265,-148,-558,15867,-15,12,7,20,-552,16398,-9,-1,16,-941,-913,16437,-20,-2,4,-1002,-105,15483,7,22,13,-1178,-235,16460,-27,-7,-12,0,0,0,0,0
11.7799999713898,-128,-555,15930,-12,13,6,65,-552,16418,-14,6,22,-950,-908,16444,-27,-6,4,-988,-115,15426,-1,25,15,-1189,-188,16398,-1,2,-18,96,9,0,0,0
11.7999999523163,-123,-505,15973,-16,15,12,6,-518,16400,-14,2,28,-939,-920,16487,-1,1,1,-1041,-97,15461,-5,30,10,-1194,-183,16397,-3,4,-4,95,11,0,0,0
11.8099999427795,-110,-505,15910,-2,22,17,10,-548,16516,-16,8,15,-923,-904,16416,13,-7,9,-1002,-83,15448,9,46,3,-1160,-203,16378,-16,1,-10,0,0,0,0,0
11.8199999332428,-107,-514,15882,-10,14,12,50,-476,16411,-25,8,24,-961,-886,16455,2,-4,-1,-983,-121,15381,-5,20,16,-1157,-183,16405,-3,-2,-3,65,4,0,0,0
11.8300001621246,-148,-555,15885,-13,19,19,18,-559,16441,-7,5,15,-891,-904,16420,0,-21,-2,-994,-119,15410,2,24,11,-1188,-191,16419,-4,-1,-12,188,23,0,0,0
11.8400001525879,-131,-528,15952,-8,14,5,23,-538,16404,-12,-6,27,-891,-904,16420,0,-21,-2,-960,-74,15479,11,29,16,-1177,-201,16416,-4,-4,-12,0,0,0,0,0
11.8500001430511,-154,-581,15862,-6,16,-5,7,-530,16440,-15,6,7,-885,-925,16490,-9,-13,-8,-995,-124,15379,6,20,11,-1199,-210,16430,-12,-7,-19,1,0,0,0,0
11.8700001239777,-128,-520,15925,-14,24,3,27,-542,16421,-19,14,12,-965,-950,16454,-3,-7,-2,-976,-96,15499,10,24,-2,-1151,-207,16405,13,-3,-3,155,14,0,0,0
11.8800001144409,-107,-528,15919,-21,28,4,9,-573,16481,-21,-6,21,-960,-909,16442,-9,-10,1,-983,-134,15449,10,25,13,-1159,-212,16456,-3,0,-16,2,0,0,0,0
11.8900001049042,-147,-540,15887,-7,17,12,27,-552,16424,-4,1,17,-975,-939,16442,-4,3,0,-1032,-107,15415,10,23,18,-1164,-216,16411,-8,-2,-2,0,0,0,0,0
11.9000000953674,-111,-520,15928,-4,15,-4,16,-521,16373,-13,-1,7,-938,-887,16449,-5,2,-3,-1033,-131,15371,2,13,10,-1200,-182,16416,-13,-4,-8,114,8,0,0,0
11.9100000858307,-121,-550,15883,1,8,6,-1,-492,16377,-2,2,5,-954,-920,16490,-10,-7,-5,-1033,-141,15440,13,25,7,-1195,-189,16429,-19,1,-24,28,5,0,0,0
11.9200000762939,-120,-541,15930,-7,15,15,-3,-487,16406,-11,1,-1,-932,-876,16472,-18,5,-6,-1022,-96,15463,10,35,11,-1181,-218,16488,-13,5,-7,0,0,0,0,0
11.9400000572205,-124,-494,15928,-7,10,9,30,-514,16393,-11,4,11,-995,-975,16457,1,-15,-3,-989,-106,15431,6,31,12,-1178,-211,16451,2,0,-8,69,4,0,0,0
11.9500000476837,-131,-522,15903,-17,16,14,30,-537,16464,0,-11,19,-942,-897,16472,4,-3,3,-1015,-112,15401,2,24,14,-1158,-191,16473,5,8,-16,127,12,0,0,0
11.960000038147,-136,-535,15870,-12,12,-1,49,-520,16416,-8,7,21,-959,-913,16511,1,-11,2,-1001,-95,15343,16,30,18,-1185,-258,16465,-1,1,-12,0,0,0,0,0
11.9700000286102,-142,-552,15930,-24,14,9,14,-517,16426,-11,-8,17,-990,-950,16479,2,-18,-7,-1006,-126,15422,10,39,9,-1200,-214,16393,-9,3,-1,71,6,0,0,0
11.9800000190735,-115,-514,15873,-5,16,3,22,-550,16413,-3,2,11,-990,-950,16479,2,-18,-7,-1003,-117,15447,13,24,7,-1172,-220,16419,-13,8,-13,186,17,0,0,0
11.9900000095367,-151,-531,15908,-11,6,0,71,-531,16381,-9,6,15,-939,-894,16450,-21,5,3,-1014,-130,15391,-2,23,2,-1162,-221,16421,0,-13,-10,0,0,0,0,0
12.0099999904633,-139,-524,15929,-8,10,3,3,-507,16406,-22,9,11,-950,-926,16379,-5,8,3,-995,-135,15377,-3,40,9,-1177,-221,16371,1,4,-5,48,0,0,0,0
12.0099999904633,-146,-536,15895,-6,13,3,23,-535,16410,-6,-1,7,-931,-979,16473,-8,1,-3,-992,-111,15400,1,25,12,-1167,-192,16462,-2,5,-18,199,20,0,0,0
12.0299999713898,-163,-477,15940,-2,13,6,35,-567,16498,-7,2,10,-924,-891,16504,7,-3,2,-1016,-128,15501,8,33,15,-1152,-232,16395,3,6,-25,0,0,0,0,0
12.039999961853,-101,-529,15951,-2,7,12,18,-546,16390,-20,12,12,-944,-912,16432,-9,-7,-4,-1061,-112,15483,4,30,7,-1144,-266,16444,-6,10,-11,0,0,0,0,0
12.0499999523163,-128,-569,15846,-7,21,6,33,-542,16436,-10,9,20,-908,-904,16539,-7,-3,10,-977,-109,15397,-14,40,6,-1172,-180,16398,0,-2,-5,154,12,0,0,0
12.0599999427795,-100,-526,15883,-15,6,8,47,-576,16415,-28,9,19,-899,-926,16514,-11,-5,-5,-947,-123,15492,-9,23,3,-1204,-208,16454,-13,-8,2,7,0,0,0,0
12.0699999332428,-85,-510,15864,-13,13,15,39,-489,16441,-21,12,16,-916,-951,16471,-6,-4,4,-982,-125,15426,4,35,9,-1137,-211,16418,-5,-3,-18,0,0,0,0,0
12.0800001621246,-112,-502,15857,-13,18,15,32,-522,16450,-15,-7,31,-913,-924,16439,-16,-6,3,-995,-123,15409,22,27,7,-1135,-202,16414,-20,-3,-11,107,11,0,0,0
12.1000001430511,-120,-539,15911,-8,16,7,35,-511,16401,-18,1,16,-930,-932,16478,-10,-7,1,-998,-97,15411,12,38,13,-1188,-215,16457,-13,-5,-21,132,15,0,0,0
12.1100001335144,-132,-545,15965,-24,3,0,21,-557,16431,-10,2,19,-919,-928,16496,13,1,0,-1020,-127,15370,10,33,5,-1161,-216,16397,-16,0,-16,0,0,0,0,0
12.1200001239777,-117,-599,15894,0,4,11,14,-532,16404,-20,7,25,-935,-930,16443,-6,1,-1,-983,-117,15368,14,21,4,-1169,-193,16460,-11,3,-13,94,9,0,0,0
12.1300001144409,-140,-518,15930,-10,20,6,-1,-542,16431,-15,4,23,-926,-885,16463,-16,-9,1,-922,-107,15493,-3,27,8,-1209,-202,16441,2,6,-6,195,15,0,0,0
12.1400001049042,-112,-490,15950,-16,21,5,37,-526,16429,-8,10,21,-926,-885,16463,-16,-9,1,-994,-105,15452,9,30,16,-1181,-179,16421,-10,-4,-8,0,0,0,0,0
12.1500000953674,-105,-544,15972,-12,26,13,12,-540,16387,-9,11,16,-954,-939,16496,-1,-11,-13,-1005,-79,15477,1,26,12,-1151,-205,16428,-13,-4,-1,0,0,0,0,0
12.1600000858307,-125,-504,15901,-20,25,16,13,-517,16410,-9,13,21,-972,-926,16480,-1,-13,9,-1013,-118,15425,9,26,14,-1160,-192,16397,-17,9,-6,144,13,0,0,0
12.1800000667572,-117,-491,15899,-10,22,17,32,-520,16475,-13,-1,7,-1026,-946,16433,3,12,8,-1031,-127,15412,-1,33,3,-1183,-164,16426,-16,-3,-23,8,0,0,0,0
12.1900000572205,-135,-535,15891,-8,17,4,13,-530,16430,-11,0,27,-922,-923,16445,-17,-1,1,-1003,-111,15350,-1,26,3,-1182,-223,16390,-17,-7,1,0,0,0,0,0
12.2000000476837,-140,-580,15911,-19,13,16,22,-517,16369,-4,3,19,-955,-940,16502,-11,-10,9,-1012,-119,15405,1,37,1,-1168,-232,16397,-3,0,3,111,10,0,0,0
12.210000038147,-111,-529,15894,-17,-1,10,11,-535,16432,-4,12,15,-970,-954,16500,-8,-9,1,-986,-149,15406,-6,28,11,-1186,-199,16438,4,4,9,85,8,0,0,0
12.2200000286102,-91,-555,15901,-13,13,6,40,-567,16381,-7,-9,3,-949,-943,16481,5,5,-10,-1010,-126,15469,7,28,6,-1171,-180,16392,-2,-2,-15,0,0,0,0,0
12.2300000190735,-152,-552,15852,-11,4,3,11,-539,16356,-8,-4,16,-974,-912,16476,-6,-9,14,-1010,-122,15458,5,29,18,-1120,-172,16407,3,-2,-19,90,6,0,0,0
12.25,-148,-511,15861,-18,6,10,9,-493,16368,-7,-4,16,-935,-881,16490,-16,-2,3,-1010,-129,15436,15,33,10,-1110,-206,16482,3,-6,-7,166,21,0,0,0
12.2599999904633,-127,-508,15959,-22,7,10,-7,-499,16431,-3,0,17,-946,-881,16463,1,2,3,-1051,-107,15459,10,20,9,-1137,-225,16439,-2,1,-13,0,0,0,0,0
12.2699999809265,-145,-521,15973,-13,28,-3,18,-544,16465,-1,11,20,-968,-915,16491,2,-8,4,-1032,-118,15414,-2,41,10,-1160,-246,16446,-12,-6,-20,49,2,0,0,0
12.2799999713898,-123,-503,15888,-10,35,13,19,-539,16411,-25,5,20,-965,-908,16420,-24,-3,11,-1045,-146,15437,3,35,6,-1142,-230,16383,-10,-7,-10,192,20,0,0,0
12.289999961853,-104,-494,15862,-18,27,4,20,-578,16442,-7,-5,18,-932,-927,16490,-15,2,-5,-1035,-76,15338,19,23,7,-1132,-171,16396,-9,-1,-20,1,0,0,0,0
12.2999999523163,-152,-524,15890,-13,23,-6,26,-534,16464,-23,14,18,-945,-925,16434,-6,9,10,-986,-135,15478,4,36,7,-1165,-222,16409,-13,4,-19,0,0,0,0,0
12.3199999332428,-134,-559,15819,-14,6,14,26,-495,16399,-15,5,21,-918,-925,16440,-13,5,-2,-947,-118,15424,6,41,-2,-1215,-184,16415,-11,-6,-11,141,11,0,0,0
12.3300001621246,-159,-512,15903,-8,16,4,-34,-552,16436,-14,0,21,-898,-910,16540,-17,3,3,-1054,-89,15359,11,27,5,-1190,-240,16412,-9,-12,-5,50,6,0,0,0
12.3400001525879,-141,-498,15922,-13,13,4,13,-518,16463,-1,3,6,-930,-935,16456,-13,-7,7,-988,-103,15427,18,25,6,-1204,-187,16414,-13,4,-7,0,0,0,0,0
12.3500001430511,-116,-554,15883,-9,17,11,-10,-503,16454,-21,1,8,-956,-934,16452,6,-5,-6,-1020,-122,15380,5,38,3,-1180,-206,16436,-11,2,1,107,10,0,0,0
12.3600001335144,-134,-499,15881,4,13,2,5,-570,16391,-4,5,16,-917,-885,16446,-1,-17,6,-1026,-101,15383,9,40,16,-1125,-210,16423,-14,-2,-1,150,18,0,0,0
12.3700001239777,-152,-535,15879,8,23,4,32,-532,16480,-13,3,19,-930,-940,16460,-11,-18,12,-1022,-101,15425,18,20,12,-1193,-214,16404,-7,-3,-8,0,0,0,0,0
12.3900001049042,-139,-571,15930,-12,22,10,30,-517,16446,-15,-4,11,-987,-951,16472,-9,-4,3,-1007,-119,15396,12,38,16,-1168,-222,16428,-11,15,1,58,3,0,0,0
12.4000000953674,-124,-529,15918,-18,28,7,16,-487,16437,-15,7,21,-974,-948,16420,3,-6,4,-987,-116,15400,4,34,22,-1174,-228,16391,-17,3,-3,204,15,0,0,0
12.4100000858307,-96,-522,15902,-16,18,1,21,-516,16397,-10,-2,20,-938,-903,16443,-1,3,4,-1001,-98,15379,8,27,22,-1154,-233,16414,-10,9,-4,0,0,0,0,0
12.4200000762939,-151,-516,15903,-15,6,12,37,-542,16423,-16,4,7,-940,-922,16458,-3,-6,-2,-997,-101,15463,11,19,18,-1164,-209,16381,-5,-9,-7,0,0,0,0,0
12.4300000667572,-141,-510,15898,-1,20,11,17,-531,16371,-1,5,20,-955,-961,16419,7,-18,-11,-983,-103,15468,-12,25,9,-1179,-226,16482,-10,-5,-18,160,16,0,0,0
12.4400000572205,-121,-529,15899,-8,10,6,22,-550,16397,-6,2,1,-945,-952,16394,-20,-6,-3,-1018,-82,15413,-6,39,21,-1190,-204,16416,-20,-3,-17,11,0,0,0,0
12.460000038147,-157,-540,15913,-5,23,12,4,-512,16379,-11,7,19,-917,-928,16436,-15,-2,13,-997,-102,15443,4,19,3,-1174,-208,16382,-20,-7,-11,0,0,0,0,0
12.4700000286102,-119,-479,15900,-3,9,3,12,-559,16455,-18,10,30,-960,-920,16420,5,-1,-3,-1006,-103,15439,12,36,10,-1205,-230,16427,-11,1,-9,112,9,0,0,0
12.4800000190735,-122,-503,15943,-12,25,7,28,-547,16403,-12,3,25,-979,-930,16493,-4,0,-1,-1026,-119,15401,8,27,23,-1159,-203,16389,-9,2,-19,130,12,0,0,0
12.4900000095367,-128,-519,15940,-9,15,8,28,-547,16403,-12,3,25,-928,-940,16472,-12,-8,-6,-1051,-107,15452,15,27,16,-1174,-204,16483,-8,-9,-12,0,0,0,0,0
12.5,-122,-510,15989,-19,15,22,25,-568,16390,-15,1,9,-928,-940,16472,-12,-8,-6,-1035,-119,15381,-4,28,17,-1153,-188,16402,-5,-5,3,81,5,0,0,0
12.5199999809265,-130,-523,15943,-18,11,14,25,-517,16432,-6,3,20,-943,-900,16481,-14,-16,-8,-992,-125,15418,3,28,12,-1176,-218,16448,-10,-10,-14,199,14,0,0,0
12.5299999713898,-107,-509,15951,-11,17,15,25,-517,16432,-6,3,20,-965,-886,16426,-6,-4,-3,-990,-126,15481,4,29,12,-1153,-219,16437,-9,-6,-7,0,0,0,0,0
12.539999961853,-124,-568,15925,-14,23,10,5,-525,16359,-10,-4,21,-972,-932,16476,0,-1,3,-1009,-97,15411,9,25,13,-1163,-196,16484,-6,-4,-9,0,0,0,0,0
12.5499999523163,-122,-491,15916,-5,34,1,15,-556,16441,-10,5,12,-951,-925,16469,-10,-1,2,-987,-143,15461,4,41,11,-1190,-213,16431,-9,-6,-11,139,11,0,0,0
12.5599999427795,-119,-548,15868,-12,11,9,13,-524,16396,-16,6,13,-882,-906,16476,4,-12,10,-1000,-123,15449,5,35,19,-1226,-227,16409,-11,-11,0,15,1,0,0,0
12.5699999332428,-169,-555,15880,1,17,2,30,-505,16420,-16,3,15,-959,-917,16466,-1,-7,7,-1006,-95,15427,12,35,5,-1196,-227,16479,-8,-5,-14,0,0,0,0,0
12.5800001621246,-146,-544,15939,-1,19,1,38,-573,16445,-10,8,20,-978,-929,16436,-21,-9,2,-991,-130,15424,16,35,12,-1187,-188,16340,-13,-2,-3,104,10,0,0,0
12.6000001430511,-112,-501,15940,-11,14,3,24,-552,16401,-2,-5,15,-911,-914,16470,-10,-10,7,-987,-130,15452,12,32,17,-1154,-200,16435,-10,-4,-1,158,20,0,0,0
12.6100001335144,-133,-502,15915,-16,19,10,46,-536,16397,-5,18,25,-915,-899,16449,-1,-3,-12,-1005,-113,15377,16,24,14,-1168,-228,16423,-12,-5,-10,0,0,0,0,0
12.6200001239777,-129,-520,15933,2,3,9,31,-507,16462,-15,5,17,-986,-929,16484,-10,15,10,-1019,-109,15442,-6,40,18,-1166,-241,16452,-16,-24,-19,30,0,0,0,0
12.6300001144409,-98,-545,15903,2,14,12,4,-564,16429,-17,15,11,-977,-933,16467,-20,-9,20,-973,-106,15415,-2,26,15,-1139,-202,16454,3,-3,-7,188,15,0,0,0
12.6400001049042,-143,-510,15897,-11,16,-4,61,-551,16373,-19,17,21,-988,-935,16477,4,-18,-6,-1001,-125,15459,-9,36,7,-1165,-207,16419,-11,-7,-7,4,0,0,0,0
12.6600000858307,-147,-576,15850,-11,7,11,20,-479,16414,-16,-3,20,-981,-952,16491,-11,-9,7,-938,-137,15439,2,28,12,-1143,-195,16378,-14,-1,-13,0,0,0,0,0
12.6700000762939,-184,-536,15984,-26,20,-2,39,-460,16480,-15,8,0,-986,-980,16553,-4,-1,-3,-899,-168,15420,7,17,-2,-1031,-156,16447,-4,11,-12,115,9,0,0,0
12.6800000667572,-255,-614,15971,-40,8,-20,64,-372,16460,-36,10,-31,-1024,-966,16557,-22,-61,-20,-934,-155,15464,48,8,-12,-1097,-231,16502,-80,84,76,151,17,0,0,0
12.6900000572205,-128,-521,15963,-8,-65,-89,28,-538,16450,-117,81,-57,-983,-902,16529,-37,-125,-67,-991,-199,15480,106,28,-29,-1039,-246,16552,-171,235,148,0,0,0,0,0
12.710000038147,-231,-594,15948,-31,-90,-106,77,-403,16514,-293,100,-75,-976,-923,16441,-41,-199,-132,-946,-93,15428,245,-40,-61,-1154,-202,16437,-414,505,363,0,0,0,0,0
12.7200000286102,-106,-513,15971,49,-256,-245,13,-596,16430,-411,268,-127,-961,-881,16458,-33,-294,-199,-1067,-141,15425,257,94,-36,-1268,-245,16366,-336,495,267,97,7,0,0,0
12.7300000190735,38,-510,15829,48,-282,-164,-116,-619,16390,-394,199,-108,-894,-877,16282,-15,-296,-147,-1312,33,15432,283,36,7,-1493,-339,16226,-146,290,114,170,13,0,0,0
12.75,4,-533,15911,-6,-161,-76,-9,-713,16409,-456,118,-131,-938,-900,16453,-28,-162,-78,-1062,-234,15378,106,19,130,-1064,-283,16415,41,-116,-140,100,10,0,0,0
12.7599999904633,-111,-506,15838,-54,-145,-151,-15,-660,16451,-431,10,-137,-906,-891,16434,-22,-115,-39,-993,-158,15403,74,-73,188,-1222,-280,16315,194,-488,-242,0,0,0,0,0
12.7699999809265,-183,-430,15770,-27,-218,-211,5,-615,16506,-654,109,-181,-887,-888,16280,20,-183,-62,-1044,-6,15542,180,-138,310,-1082,-249,16426,331,-684,-240,0,0,0,0,0
12.789999961853,-134,-470,15859,-33,-238,-203,-107,-647,16411,-825,61,-226,-826,-948,16312,35,-130,-28,-923,52,15468,254,-188,276,-1288,-232,16544,532,-844,-355,80,5,0,0,0
12.7999999523163,-20,-603,15876,-84,-264,-227,-106,-649,16379,-838,17,-234,-875,-921,16356,41,-90,-12,-977,25,15386,183,-85,278,-1161,-212,16209,566,-937,-376,161,15,0,0,0
12.8099999427795,-132,-462,15882,-88,-236,-210,43,-786,16383,-842,5,-261,-941,-835,16307,57,-47,16,-1030,-93,15482,187,-130,324,-1128,-204,16322,717,-1048,-452,122,13,0,0,0
12.8199999332428,2,-570,15884,-57,-254,-185,-81,-645,16377,-813,1,-223,-885,-996,16448,56,-78,15,-819,-109,15473,83,-170,327,-1056,-65,16343,543,-823,-399,0,0,0,0,0
12.8400001525879,-41,-573,15718,-7,-214,-154,-66,-673,16431,-835,8,-231,-780,-877,16290,38,-121,-12,-738,-295,15559,112,-149,311,-1282,-154,16368,541,-702,-408,0,0,0,0,0
12.8500001430511,62,-594,15818,-37,-253,-236,0,-878,16422,-898,-25,-236,-958,-901,16463,28,-95,-13,-1097,-131,15417,138,-93,285,-1087,-240,16373,504,-524,-408,96,8,0,0,0
12.8700001239777,-114,-458,15859,26,-327,-77,1,-825,16418,-630,-34,-64,-850,-917,16325,76,-104,58,-960,-66,15466,267,-86,283,-993,-134,16524,545,-533,-357,191,17,0,0,0
12.8800001144409,-15,-583,16002,-54,-190,-61,6,-694,16410,-757,-34,-136,-933,-968,16330,41,-82,34,-841,-22,15359,197,-38,251,-982,-93,16400,502,-563,-340,7,0,0,0,0
12.8900001049042,-15,-583,16002,-54,-190,-61,-46,-880,16318,-663,-77,-161,-928,-882,16419,53,-41,26,-1003,-40,15435,101,-109,281,-1044,-115,16358,547,-670,-353,0,0,0,0,0
12.9000000953674,-46,-552,15768,32,-184,-50,23,-800,16346,-543,-124,-108,-839,-939,16428,58,-28,43,-916,-64,15501,149,-157,245,-989,-87,16439,363,-552,-149,34,0,0,0,0
12.9100000858307,-138,-521,15817,-34,-60,-5,53,-796,16382,-309,-135,-44,-928,-885,16474,67,-16,28,-854,-88,15467,136,-75,199,-963,-90,16386,266,-475,-62,131,14,0,0,0
12.9300000667572,55,-446,15802,4,-89,11,-6,-949,16335,-367,-65,-52,-905,-891,16363,77,-86,9,-1036,-64,15396,162,-12,222,-1006,-93,16406,346,-540,-136,90,13,0,0,0
12.9400000572205,-8,-509,15823,-7,-95,-6,-12,-912,16356,-353,-45,-56,-938,-900,16441,74,-72,57,-945,71,15336,185,-48,213,-1006,-93,16406,346,-540,-136,0,0,0,0,0
12.960000038147,-4,-546,15835,17,-60,47,-11,-815,16382,-219,-123,-25,-849,-898,16403,75,-28,39,-769,142,15398,99,-43,179,-1204,-181,16449,-18,-243,-9,0,0,0,0,0
12.960000038147,153,-365,15868,-6,-59,-78,-27,-1002,16420,57,14,-5,-889,-883,16414,3,-7,69,-1102,17,15356,25,8,161,-1072,-77,16227,90,8,-44,164,12,0,0,0
12.9800000190735,-294,-596,15957,-29,120,133,249,-659,16470,130,-172,73,-1038,-954,16415,21,66,98,-774,-98,15433,49,-139,112,-1098,-25,16492,36,-21,79,15,4,0,0,0
12.9900000095367,85,-564,15806,45,-53,9,-34,-1060,16278,-17,26,44,-893,-819,16360,62,-72,56,-1162,-56,15319,61,180,84,-1032,-70,16316,2,50,90,0,0,0,0,0
13,40,-415,15834,-46,-10,111,-14,-820,16550,225,-112,132,-919,-890,16548,41,-64,100,-1031,-85,15417,128,55,92,-928,-38,16234,16,21,48,83,6,0,0,0
13.0099999904633,-38,-525,15832,-8,-6,52,37,-729,16442,14,-36,36,-949,-943,16378,25,-12,68,-801,4,15473,126,-57,81,-1028,-44,16392,58,-20,36,181,18,0,0,0
13.0299999713898,0,-569,15796,-9,-44,18,-83,-839,16366,-27,36,5,-795,-926,16283,19,-81,-25,-1053,-43,15481,90,84,11,-1035,-41,16358,-55,-31,23,0,0,0,0,0
13.039999961853,-82,-525,15852,-52,31,14,107,-923,16383,-50,-70,-66,-918,-925,16393,-14,95,24,-920,-138,15445,59,-106,58,-856,-48,16308,65,-140,-13,0,0,0,0,0
13.0499999523163,-88,-540,15888,-33,18,51,23,-695,16443,26,-4,48,-883,-972,16393,25,-2,32,-958,-13,15453,-5,10,53,-1061,23,16321,64,-103,11,156,19,0,0,0
13.0599999427795,-4,-497,15978,-33,0,-5,153,-818,16452,-26,-22,3,-914,-858,16324,47,-60,-14,-951,-3,15538,132,-14,9,-1039,-50,16236,-4,-49,70,12,1,0,0,0
13.0800001621246,23,-470,15737,21,-30,10,1,-1024,16333,-42,49,4,-822,-863,16322,7,-98,-9,-1012,198,15574,125,62,2,-1140,-88,16582,47,-13,-63,0,0,0,0,0
13.1000001430511,113,-549,15808,-21,49,38,47,-667,16416,10,-43,8,-813,-940,16350,-2,61,33,-939,-147,15318,33,-72,-60,-1068,-41,16290,-11,-19,-24,96,7,0,0,0
13.1000001430511,-98,-578,15913,-42,70,38,125,-758,16445,43,-71,-3,-1012,-965,16486,15,42,52,-849,-105,15559,17,-55,57,-844,-9,16424,41,-59,-22,172,15,0,0,0
13.1100001335144,-78,-442,15841,-20,-4,-14,89,-934,16375,-42,29,4,-978,-841,16448,6,-21,-16,-1032,-135,15433,-2,10,34,-1052,-87,16406,27,15,47,0,0,0,0,0
13.1200001239777,78,-451,15814,7,-17,43,-81,-880,16437,-18,41,20,-864,-983,16330,25,-53,3,-870,49,15467,48,-45,17,-1027,-91,16434,7,12,-5,26,0,0,0,0
13.1300001144409,-10,-536,15872,0,22,28,7,-811,16436,1,-41,-7,-893,-910,16384,15,-24,7,-889,9,15406,-3,58,23,-968,-40,16465,-10,-31,-5,185,14,0,0,0
13.1400001049042,26,-515,15838,9,14,17,56,-916,16427,-3,-43,-2,-903,-854,16430,13,4,-6,-945,-30,15389,46,55,13,-981,-67,16421,8,-50,-15,0,0,0,0,0
13.1500000953674,3,-438,15895,3,26,0,74,-882,16415,-2,-18,-9,-966,-856,16443,-6,33,0,-922,-29,15333,50,47,27,-917,-42,16448,7,-45,15,36,0,0,0,0
13.1600000858307,-11,-531,15903,-8,-2,-11,7,-870,16386,-18,45,-18,-861,-910,16397,-6,-33,-7,-966,30,15452,-6,-8,22,-1005,-76,16431,-20,-44,7,159,15,0,0,0
13.1800000667572,59,-477,15904,-8,9,-8,5,-901,16401,-21,-8,-15,-870,-890,16363,-1,-21,5,-989,-18,15413,-14,3,8,-962,-86,16439,2,-11,-15,0,0,0,0,0
13.1900000572205,-25,-501,15869,8,15,12,26,-877,16396,0,-14,6,-886,-895,16394,-11,4,9,-940,-18,15425,20,3,8,-953,-41,16430,14,-12,-14,0,0,0,0,0
13.2000000476837,6,-517,15888,-4,23,10,51,-854,16332,-8,-1,-12,-942,-924,16351,-3,-9,-4,-903,-20,15417,10,48,9,-944,-74,16431,-2,1,-20,158,11,0,0,0
13.210000038147,-22,-485,15843,0,44,15,47,-833,16344,-9,8,-10,-928,-900,16389,-2,9,-4,-1010,-24,15378,26,54,19,-937,-89,16387,0,-13,-11,1,0,0,0,0
13.2200000286102,-39,-447,15864,-29,13,12,51,-868,16429,-4,0,-3,-951,-883,16399,13,10,1,-948,18,15417,30,16,21,-956,-58,16401,0,4,-9,0,0,0,0,0
13.2300000190735,6,-509,15855,8,10,5,-7,-911,16437,-23,2,-11,-936,-927,16361,0,-22,-3,-970,-14,15434,13,8,25,-981,-50,16428,1,-4,4,187,15,0,0,0
13.2400000095367,-7,-533,15858,-10,18,9,47,-892,16461,-13,-4,-17,-906,-888,16395,6,-6,0,-917,-22,15414,-7,-7,25,-965,-71,16414,7,-23,-17,0,0,0,0,0
13.25,12,-504,15876,3,34,15,33,-819,16408,-4,-10,-14,-909,-882,16416,-21,-2,3,-937,-37,15424,-7,32,11,-949,-77,16434,6,-35,1,0,0,0,0,0
13.2699999809265,-36,-493,15846,-10,29,-4,16,-871,16449,0,-2,-9,-927,-927,16337,-2,-13,8,-949,-34,15406,22,31,18,-963,-30,16414,-9,-30,-6,146,13,0,0,0
13.2699999809265,9,-542,15828,-4,1,3,17,-881,16357,-19,-1,-8,-922,-885,16423,-1,-11,0,-930,-29,15426,17,29,22,-959,-46,16441,-18,-13,6,2,0,0,0,0
13.289999961853,6,-466,15848,5,25,12,30,-881,16393,-11,3,-3,-861,-889,16403,-3,-17,-2,-967,-7,15401,25,14,16,-915,-46,16493,-8,-4,-17,0,0,0,0,0
13.2999999523163,3,-522,15828,-7,11,-5,30,-838,16413,-8,-7,-5,-926,-890,16382,-14,-5,-4,-951,-6,15408,3,21,16,-947,-46,16454,-8,-8,-3,151,15,0,0,0
13.3099999427795,-29,-525,15831,-9,18,16,24,-857,16398,4,-5,-4,-900,-891,16371,-20,-2,2,-928,-25,15454,0,7,5,-973,-43,16426,3,-8,4,0,0,0,0,0
13.3199999332428,-4,-521,15774,-7,10,6,28,-875,16358,-9,7,-10,-863,-904,16408,-20,-20,4,-963,-5,15390,16,16,7,-1006,-64,16418,-6,2,-1,0,0,0,0,0
13.3300001621246,24,-500,15901,2,14,8,10,-846,16426,-12,1,-23,-904,-917,16354,2,-15,-4,-944,-9,15466,-1,38,12,-946,-92,16427,-13,0,-23,171,14,0,0,0
13.3400001525879,24,-500,15901,2,14,8,55,-863,16418,4,-4,-5,-946,-907,16412,1,0,-5,-964,-43,15366,14,44,8,-924,-47,16458,0,-2,-13,0,0,0,0,0
13.3500001430511,33,-480,15862,-26,22,7,49,-867,16406,-10,-4,-5,-919,-971,16429,-10,5,0,-924,-7,15414,12,35,20,-1007,-29,16439,7,-17,5,0,0,0,0,0
