,cx1,cy1,cx2,cy2,cx3,cy3,cx4,cy4,cx5,cy5,cx6,cy6
0,1000.281005859375,455.5627746582031,1127.5,609.0,1128.5,879.5,752.9110107421875,876.1780395507812,761.9051513671875,687.0948486328125,842.6990356445312,547.7633666992188
1,997.5,453.5,1127.432373046875,608.8741455078125,1128.5,879.5,753.0620727539062,876.2506103515625,762.3795166015625,687.4179077148438,842.6781616210938,547.7780151367188
2,998.1205444335938,454.0059814453125,1127.3973388671875,608.8412475585938,1128.5,879.5,752.7286987304688,876.0904541015625,762.3795166015625,687.4179077148438,842.5,547.7615356445312
3,999.5,455.0,1126.979736328125,610.0303955078125,1128.5,879.5,752.7286987304688,876.0904541015625,761.7672119140625,687.2327880859375,842.5784912109375,547.768798828125
4,997.5,453.5,1127.1256103515625,609.4173583984375,1128.5,879.5,753.1629028320312,876.299072265625,761.9051513671875,687.0948486328125,842.5,547.7615356445312
5,998.1205444335938,454.0059814453125,1128.3441162109375,608.3878784179688,1128.5,879.5,753.3224487304688,875.9584350585938,762.3795166015625,687.4179077148438,842.3324584960938,548.0606079101562
6,998.1205444335938,454.0059814453125,1127.2857666015625,610.1904907226562,1127.943603515625,879.9435424804688,753.5,876.2288208007812,761.1033325195312,686.807373046875,842.3261108398438,547.892578125
7,998.1205444335938,454.0059814453125,1127.3533935546875,609.9482421875,1128.5,879.5,753.3468627929688,876.2387084960938,761.1033325195312,686.807373046875,842.3261108398438,547.892578125
8,998.1205444335938,454.0059814453125,1127.646484375,609.0748901367188,1128.2254638671875,879.6705932617188,753.1650390625,875.9915771484375,761.1033325195312,686.807373046875,841.7052001953125,548.3815307617188
9,998.5,454.5,1127.5,609.5,1127.7772216796875,879.9714965820312,753.2076416015625,876.320556640625,761.9051513671875,687.0948486328125,841.9110107421875,547.8409423828125
10,998.5,454.5,1127.5,609.5,1127.7772216796875,879.9714965820312,753.1629028320312,876.299072265625,761.8827514648438,687.123046875,842.5,547.7615356445312
11,998.5,454.5,1127.622802734375,608.9043579101562,1128.5,879.5,753.1629028320312,876.299072265625,761.8589477539062,687.1410522460938,842.7783813476562,547.5516967773438
12,997.5,453.5,1127.4573974609375,609.1063842773438,1127.81298828125,880.0699462890625,753.1629028320312,876.299072265625,761.9051513671875,687.0948486328125,842.7783813476562,547.5516967773438
13,997.5,453.5,1127.530029296875,609.300048828125,1127.943603515625,879.9435424804688,753.5,876.4056396484375,761.9051513671875,687.0948486328125,842.7227172851562,547.5578002929688
14,998.1205444335938,454.0059814453125,1127.16943359375,609.16943359375,1127.943603515625,879.9435424804688,753.5,876.5,761.1033325195312,686.807373046875,842.7783813476562,547.5516967773438
15,999.0,454.5,1127.583984375,609.3423461914062,1128.5,879.5,753.6521606445312,876.7825927734375,761.703369140625,687.296630859375,842.247314453125,547.703369140625
16,998.1205444335938,454.0059814453125,1127.5,609.5,1127.81298828125,880.0699462890625,753.69482421875,876.7868041992188,761.9051513671875,687.0948486328125,842.5,547.659423828125
17,998.1205444335938,454.0059814453125,1127.5,609.5,1127.81298828125,880.0699462890625,753.2200317382812,876.2803344726562,761.807373046875,687.0003662109375,842.5,547.7615356445312
18,998.1205444335938,454.0059814453125,1127.159423828125,610.1395263671875,1127.81298828125,880.0699462890625,753.5145874023438,876.6697998046875,761.9051513671875,687.0948486328125,842.5,548.021728515625
19,998.1205444335938,454.0059814453125,1127.03125,610.28125,1127.81298828125,880.0699462890625,753.2674560546875,876.6426391601562,761.9051513671875,687.0948486328125,842.5,547.7615356445312
20,999.0,454.5,1127.15771484375,610.1380004882812,1127.81298828125,880.0699462890625,753.5,876.5,761.9051513671875,687.0948486328125,842.5,547.7615356445312
21,998.1205444335938,454.0059814453125,1127.5,609.5,1127.81298828125,880.0699462890625,752.9110107421875,876.1780395507812,761.1033325195312,686.807373046875,842.5,547.7615356445312
22,999.5,455.0,1127.0,610.0,1128.040283203125,880.0403442382812,753.421142578125,876.2144165039062,761.570068359375,686.8665771484375,842.5,547.659423828125
23,999.5,455.0,1126.764404296875,610.638916015625,1127.81298828125,880.0699462890625,753.1629028320312,876.299072265625,761.9051513671875,687.0948486328125,842.4523315429688,547.7974853515625
24,999.5,455.0,1127.443115234375,609.443115234375,1127.81298828125,880.0699462890625,753.1629028320312,876.299072265625,761.9051513671875,687.0948486328125,842.3261108398438,547.892578125
25,999.0,454.5,1126.85546875,609.8734741210938,1127.81298828125,880.0699462890625,753.5,876.5,761.1033325195312,686.807373046875,842.4098510742188,547.8294677734375
26,1000.0,455.5,1127.443115234375,609.443115234375,1127.81298828125,880.0699462890625,753.5,876.659423828125,762.3795166015625,687.4179077148438,842.5526123046875,548.131591796875
27,1000.0,455.5,1127.0040283203125,610.0040893554688,1128.5,879.5,753.5,876.5,762.3795166015625,687.4179077148438,842.4098510742188,547.8294677734375
28,999.5,455.0,1127.22607421875,609.7739868164062,1127.81298828125,880.0699462890625,752.9110107421875,876.1780395507812,762.3795166015625,687.4179077148438,842.768310546875,547.5
29,999.5,455.0,1126.7763671875,609.8042602539062,1127.81298828125,880.0699462890625,753.1595458984375,876.3139038085938,762.3795166015625,687.4179077148438,842.846923828125,547.5
30,998.1205444335938,454.0059814453125,1127.0635986328125,609.7929077148438,1128.5,879.5,752.9495239257812,876.1880493164062,762.5,687.5,842.6990356445312,547.7633666992188
31,998.1205444335938,454.0059814453125,1127.1556396484375,609.70068359375,1128.2254638671875,879.6705932617188,752.6070556640625,876.4686279296875,762.3795166015625,687.4179077148438,842.5,547.9030151367188
32,999.5,455.0,1127.0662841796875,609.7958984375,1127.81298828125,880.0699462890625,752.9574584960938,876.3900756835938,761.9051513671875,687.0948486328125,842.846923828125,547.5
33,999.6787719726562,455.27655029296875,1127.8790283203125,608.8790283203125,1126.5,881.5,752.9864501953125,876.416259765625,761.9051513671875,687.0948486328125,842.4918212890625,548.1521606445312
34,998.1205444335938,454.0059814453125,1127.10498046875,609.7547607421875,1127.81298828125,880.0699462890625,753.5,876.5,762.5424194335938,687.60546875,842.5,547.7615356445312
35,998.5,454.5,1126.9173583984375,609.927734375,1127.81298828125,880.0699462890625,753.303466796875,876.14599609375,761.1033325195312,686.807373046875,842.7783813476562,547.5516967773438
36,999.5,455.0,1126.8917236328125,609.9667358398438,1128.5,879.5,753.1161499023438,876.364501953125,762.3795166015625,687.4179077148438,842.7783813476562,547.5516967773438
37,999.5,455.0,1127.4573974609375,609.1063842773438,1128.5,879.5,753.6521606445312,876.7825927734375,762.5,687.5,842.56787109375,547.8554077148438
38,998.5,454.5,1127.8533935546875,609.8534545898438,1128.015380859375,880.2948608398438,753.2200317382812,876.2803344726562,761.339599609375,687.0,842.4092407226562,548.1516723632812
39,998.5,454.5,1128.2032470703125,609.67626953125,1127.2135009765625,880.6688842773438,753.0719604492188,875.9801635742188,762.3795166015625,687.4179077148438,842.4098510742188,547.8294677734375
40,999.5,455.0,1127.0,609.5,1127.1485595703125,880.71337890625,753.554931640625,876.337646484375,762.0,687.5,842.4098510742188,547.8294677734375
41,998.5,454.5,1128.17578125,608.2320556640625,1127.81298828125,880.0699462890625,753.3811645507812,876.2274780273438,762.3795166015625,687.4179077148438,842.5,547.84423828125
42,999.0,454.5,1127.5,609.8333129882812,1127.81298828125,880.0699462890625,753.0748291015625,876.4708251953125,762.5424194335938,687.60546875,842.4098510742188,547.8294677734375
43,999.0,454.5,1127.4906005859375,609.8490600585938,1127.61669921875,880.208984375,753.58837890625,876.649169921875,761.8981323242188,687.0880126953125,842.5,548.1071166992188
44,998.5,454.5,1127.5,609.5,1127.81298828125,880.0699462890625,753.0999755859375,875.7000122070312,762.3795166015625,687.4179077148438,842.4098510742188,547.8294677734375
45,998.5,454.5,1127.5,609.5,1127.81298828125,880.0699462890625,752.7845458984375,876.1172485351562,762.5,687.5,842.5,547.84423828125
46,998.5,454.5,1127.5513916015625,609.1869506835938,1127.943603515625,879.9435424804688,753.3900756835938,876.617431640625,761.1033325195312,686.807373046875,842.5,547.7615356445312
47,998.5,454.5,1127.5,609.5,1128.5,879.5,753.4022216796875,876.3643798828125,761.1033325195312,686.807373046875,841.8345336914062,548.1021728515625
48,998.5,454.5,1127.5,609.5,1128.5,879.5,753.0620727539062,876.2506103515625,762.236572265625,687.4378662109375,842.526611328125,547.741455078125
49,998.5,454.5,1127.5,609.5,1127.943603515625,879.9435424804688,753.0620727539062,876.2506103515625,762.3795166015625,687.4179077148438,842.7783813476562,547.5516967773438
50,998.5,454.5,1126.28857421875,610.2886352539062,1127.81298828125,880.0699462890625,753.3466796875,876.3873901367188,761.1390991210938,686.8364868164062,843.074462890625,547.5
51,998.5,454.5,1127.3973388671875,608.8412475585938,1127.81298828125,880.0699462890625,753.2763671875,876.3134765625,761.703369140625,687.296630859375,842.6066284179688,547.7516479492188
52,998.5,454.5,1127.056396484375,609.0564575195312,1127.81298828125,880.0699462890625,753.284912109375,876.7052001953125,761.703369140625,687.296630859375,842.526611328125,547.741455078125
53,998.5,454.5,1127.7025146484375,608.947265625,1127.81298828125,880.0699462890625,753.5,876.659423828125,762.3795166015625,687.4179077148438,842.6812744140625,547.6962280273438
54,998.5,454.5,1127.6910400390625,608.9345092773438,1127.81298828125,880.0699462890625,753.1629028320312,876.299072265625,762.5260009765625,687.5865478515625,842.009765625,548.2056274414062
55,998.5,454.5,1126.1693115234375,610.1693725585938,1127.943359375,880.2149047851562,753.2177124023438,876.3253784179688,763.0828857421875,687.931640625,842.5,547.7615356445312
56,998.5,454.5,1126.705322265625,609.7421264648438,1127.943359375,880.2149047851562,753.2177124023438,876.3253784179688,761.956298828125,687.2334594726562,842.4523315429688,547.7974853515625
57,997.5,453.5,1127.443115234375,609.443115234375,1127.81298828125,880.0699462890625,753.5,876.659423828125,761.6787719726562,687.2765502929688,842.5,547.7615356445312
58,998.5,454.5,1127.443115234375,609.443115234375,1128.5,879.5,753.45849609375,876.2765502929688,762.1627197265625,687.3613891601562,842.7783813476562,547.5516967773438
59,998.5,454.5,1127.443115234375,609.443115234375,1127.943603515625,879.9435424804688,753.2177124023438,876.3253784179688,761.1513671875,686.8464965820312,842.4523315429688,547.7974853515625
60,998.5,454.5,1127.1461181640625,609.7168579101562,1127.5,880.5,753.5733032226562,876.6400756835938,762.3795166015625,687.4179077148438,842.7783813476562,547.5516967773438
61,998.5,454.5,1126.9173583984375,609.927734375,1128.048828125,880.129638671875,753.3224487304688,875.9584350585938,761.1033325195312,686.807373046875,842.2789916992188,547.8080444335938
62,998.5,454.5,1127.10498046875,609.7547607421875,1128.5,879.5,753.3468627929688,876.2387084960938,761.1513671875,686.8464965820312,842.4098510742188,547.8294677734375
63,998.5,454.5,1127.6826171875,608.9552612304688,1127.943359375,880.2149047851562,753.5389404296875,876.686767578125,761.9463500976562,687.1228637695312,842.7783813476562,547.5516967773438
64,998.1205444335938,454.0059814453125,1127.3070068359375,609.7868041992188,1127.3973388671875,880.8412475585938,752.9415893554688,876.3814086914062,761.1033325195312,686.807373046875,842.4523315429688,547.7974853515625
65,999.5,455.0,1127.0303955078125,609.6243286132812,1127.39453125,881.1927490234375,753.2901611328125,876.5299682617188,761.570068359375,686.8665771484375,842.6206665039062,548.1034545898438
66,997.9352416992188,453.75299072265625,1127.10498046875,609.7547607421875,1127.943359375,880.2149047851562,753.1735229492188,876.4549560546875,761.42431640625,686.816650390625,842.5,547.7615356445312
67,998.5,454.5,1126.8935546875,609.72119140625,1127.943359375,880.2149047851562,753.1629028320312,876.299072265625,761.9051513671875,687.0948486328125,842.5,548.1885375976562
68,998.5,454.5,1126.9168701171875,609.92724609375,1127.81298828125,880.0699462890625,753.7281494140625,876.4077758789062,762.3795166015625,687.4179077148438,842.3927001953125,548.0823974609375
69,998.718994140625,454.4372253417969,1126.873291015625,609.9683227539062,1127.96337890625,879.9634399414062,753.07763671875,876.0479125976562,761.570068359375,686.8665771484375,842.3927001953125,548.0823974609375
70,998.1205444335938,454.0059814453125,1126.5723876953125,610.2457275390625,1128.0726318359375,880.0725708007812,753.5,876.5,761.0374145507812,686.805419921875,842.526611328125,547.741455078125
71,998.5,454.5,1126.85546875,609.8734741210938,1127.2135009765625,880.6688842773438,753.5,876.5,761.1033325195312,686.807373046875,842.4828491210938,548.0120849609375
72,999.5,455.0,1126.9150390625,609.9298706054688,1127.943359375,880.2149047851562,754.0135498046875,876.583740234375,761.1033325195312,686.807373046875,842.4098510742188,547.8294677734375
73,999.5,455.0,1127.3948974609375,609.9158935546875,1127.360107421875,881.2538452148438,753.28857421875,876.5821533203125,761.9528198242188,687.5,842.4561767578125,548.5250244140625
74,1000.3983154296875,456.6016845703125,1127.795166015625,611.0602416992188,1128.8306884765625,880.8306274414062,753.9379272460938,878.7493896484375,761.5,689.0,842.5,549.7380981445312
75,998.9224243164062,458.07757568359375,1128.28857421875,612.2886352539062,1127.5,882.5,752.9110107421875,880.1780395507812,761.0374145507812,690.805419921875,843.074462890625,551.5
76,998.0,461.5,1128.9482421875,614.086181640625,1128.62939453125,882.556884765625,753.5,882.5,761.72607421875,693.910888671875,843.31396484375,554.6162719726562
77,997.5,465.5,1130.0726318359375,616.0725708007812,1128.5,883.5,751.6865844726562,884.009033203125,761.7941284179688,697.2058715820312,843.9837036132812,557.627685546875
78,993.27392578125,467.089111328125,1130.7415771484375,618.0802612304688,1129.943603515625,883.9435424804688,752.5045776367188,886.1192626953125,761.7268676757812,699.2731323242188,846.0009765625,560.1376953125
79,993.5,471.5,1131.5,620.5,1129.5,885.5,751.8814086914062,888.03173828125,762.1216430664062,701.9414672851562,846.8641967773438,563.2877807617188
80,995.0,477.5,1131.4248046875,623.02978515625,1130.5,885.5,752.5494995117188,890.14697265625,760.3234252929688,703.1513671875,847.7610473632812,566.5053100585938
81,992.8794555664062,480.9940185546875,1132.030517578125,625.5087280273438,1129.7177734375,887.7177124023438,751.7659301757812,892.29248046875,761.9732666015625,707.9215087890625,849.1207885742188,569.7374267578125
82,989.6787719726562,483.27655029296875,1132.7509765625,627.422607421875,1130.5,887.5,751.5,893.9285888671875,760.8700561523438,709.7554931640625,850.4845581054688,573.7506103515625
83,989.5,487.5,1133.5657958984375,629.041015625,1130.1346435546875,888.6514282226562,751.5,895.5,760.941650390625,712.058349609375,851.02587890625,577.02587890625
84,989.5,491.5,1134.1884765625,630.1885375976562,1129.7177734375,889.7177124023438,751.4703979492188,896.5361328125,759.9788818359375,713.1478881835938,852.45654296875,579.45654296875
85,987.5770263671875,494.1344299316406,1134.4761962890625,631.4761962890625,1130.219970703125,890.219970703125,751.3200073242188,897.7656860351562,759.9788818359375,715.1478881835938,853.0626831054688,582.2210083007812
86,988.5,497.5,1134.59521484375,632.59521484375,1131.295166015625,890.1510009765625,750.8583984375,899.0184326171875,759.074462890625,716.8191528320312,853.9561767578125,584.7778930664062
87,987.3963623046875,500.006103515625,1135.3095703125,633.3095092773438,1131.70166015625,890.0299682617188,750.8855590820312,899.8677368164062,758.0916748046875,718.9083251953125,854.0,587.1923217773438
88,986.5,500.5,1136.2379150390625,632.491943359375,1131.7825927734375,890.099365234375,750.854736328125,900.4418334960938,758.941650390625,720.058349609375,854.5613403320312,588.3867797851562
89,986.4229736328125,500.8655700683594,1135.274658203125,633.5,1131.7825927734375,890.099365234375,751.9634399414062,901.4769287109375,758.5,720.5,854.0,589.5
90,987.5,501.5,1135.341552734375,633.273193359375,1131.5,890.5,750.993408203125,900.6471557617188,758.5,720.5,854.0,589.5
91,987.5,501.5,1135.3095703125,633.3095092773438,1131.7825927734375,890.099365234375,751.5,900.9545288085938,758.5,720.5,854.5,589.5
92,987.5,502.0,1135.5,633.3688354492188,1131.5,890.5,750.748779296875,900.459228515625,758.280517578125,720.6951293945312,854.5,589.5
93,986.4229736328125,500.8655700683594,1135.5,633.5,1130.9273681640625,890.9274291992188,751.0673828125,900.6282958984375,758.6765747070312,719.8486328125,854.5,589.5
94,987.0,501.5,1135.5,633.5,1130.5,891.5,751.086669921875,900.6234130859375,757.6983642578125,719.3016357421875,854.5,589.5
95,987.0,501.5,1135.5,633.5,1131.056396484375,891.0564575195312,751.139892578125,900.9295043945312,757.9066162109375,719.5278930664062,854.1716918945312,589.757568359375
96,987.5,502.0,1135.5,633.5,1131.7825927734375,890.099365234375,751.086669921875,900.6234130859375,758.5,720.0,854.5,589.5
97,986.5,501.5,1135.595947265625,633.5,1131.5,890.5,750.993408203125,900.6471557617188,758.5,720.0,854.5,589.5
98,987.5,502.0,1136.4500732421875,632.5439453125,1130.9273681640625,890.9274291992188,750.993408203125,900.6471557617188,758.5,720.0,853.7830810546875,590.29296875
99,986.5,501.5,1135.7584228515625,633.0112915039062,1130.9273681640625,890.9274291992188,750.9421997070312,900.66015625,758.058349609375,719.941650390625,854.4892578125,589.9852294921875
100,986.5,501.0,1135.5,633.3688354492188,1131.056396484375,891.0564575195312,750.748779296875,900.459228515625,758.2036743164062,720.1666870117188,854.95654296875,589.4347534179688
101,986.0,501.0,1135.5,633.5,1131.6668701171875,890.21142578125,750.993408203125,900.6471557617188,758.542236328125,720.4436645507812,854.8375244140625,589.6922607421875
102,987.0,501.5,1135.5,633.5,1131.5,890.5,751.086669921875,900.6234130859375,759.058349609375,720.941650390625,854.1819458007812,590.0012817382812
103,985.5,501.0,1136.2781982421875,632.8018798828125,1131.5,890.5,750.9421997070312,900.66015625,759.2039184570312,721.1256713867188,854.7332153320312,589.757080078125
104,986.5,501.5,1136.53173828125,632.53173828125,1131.5,890.5,750.9421997070312,900.66015625,759.4721069335938,721.0933837890625,854.1819458007812,590.0012817382812
105,986.5,501.5,1135.5,633.5,1131.056396484375,891.0564575195312,750.9421997070312,900.66015625,757.5,719.0,854.1716918945312,589.757568359375
106,985.5,501.0,1135.5,633.5,1131.5,890.5,751.086669921875,900.6234130859375,758.941650390625,720.058349609375,854.352294921875,590.0
107,985.5,501.0,1135.5,633.1875,1131.5,890.5,751.0673828125,900.6282958984375,758.5499877929688,720.4500122070312,854.1819458007812,590.0012817382812
108,985.5,501.0,1135.5,633.3688354492188,1131.5,890.5,751.1276245117188,901.0560913085938,757.7479248046875,719.2520751953125,853.7830810546875,590.29296875
109,985.5,501.0,1135.5,633.5,1131.7825927734375,890.099365234375,751.0673828125,900.6282958984375,759.2593994140625,720.66845703125,855.1333618164062,589.8666381835938
110,986.5,501.5,1135.5,633.5,1131.7825927734375,890.099365234375,751.0673828125,900.6282958984375,758.7022094726562,719.8267211914062,854.4849243164062,590.152587890625
111,985.5,501.0,1135.8182373046875,633.1818237304688,1131.5,890.5,750.993408203125,900.6471557617188,758.4638061523438,720.0310668945312,854.752197265625,589.9611206054688
112,985.5,501.0,1135.8182373046875,633.1818237304688,1131.5,890.5,751.1121826171875,900.9462890625,758.72314453125,720.27685546875,854.752197265625,589.9611206054688
113,984.5,500.5,1136.27783203125,632.5238647460938,1131.7825927734375,890.099365234375,751.1121826171875,900.9462890625,758.6216430664062,719.895751953125,854.1819458007812,590.0012817382812
114,984.5,500.5,1135.8182373046875,633.1818237304688,1131.7825927734375,890.099365234375,750.9901123046875,901.0969848632812,758.941650390625,720.058349609375,854.4965209960938,589.9791259765625
115,986.0,501.5,1135.595947265625,633.5,1132.2620849609375,889.4240112304688,750.7403564453125,900.7928466796875,759.5172119140625,721.0579223632812,855.5,589.5
116,985.5,501.0,1135.5855712890625,633.3749389648438,1131.5,890.5,750.7835083007812,900.7327270507812,758.0,719.5,855.5,589.5
117,985.5,501.0,1135.5,633.5,1131.7825927734375,890.099365234375,751.1416625976562,900.9396362304688,757.5,719.0,854.4965209960938,589.9791259765625
118,985.5,501.0,1135.5,633.5,1131.7825927734375,890.099365234375,751.0303344726562,901.4642333984375,757.3170776367188,718.7555541992188,854.4849243164062,590.152587890625
119,985.5,501.0,1134.7706298828125,634.1506958007812,1131.7825927734375,890.099365234375,750.9769287109375,900.9769287109375,759.0,720.5,854.4965209960938,589.9791259765625
120,985.5,501.0,1135.5,633.5,1131.7825927734375,890.099365234375,751.1775512695312,901.4108276367188,759.0,720.5,855.5,589.5
121,986.0,501.5,1135.4884033203125,633.65380859375,1130.5,891.5,751.5,901.5,758.0,719.5,855.5,589.5
122,986.0,501.5,1135.5,633.5,1130.5,891.5,751.5,900.7444458007812,759.2802734375,719.3312377929688,854.4965209960938,589.9791259765625
123,986.0,501.5,1135.4884033203125,633.65380859375,1131.7825927734375,890.099365234375,751.086669921875,900.6234130859375,757.3311157226562,718.766845703125,854.752197265625,589.9611206054688
124,986.0,501.5,1136.27783203125,632.5238647460938,1130.9273681640625,890.9274291992188,751.160400390625,901.0471801757812,757.3170776367188,718.7555541992188,855.1841430664062,589.9246826171875
125,985.5,501.0,1135.373046875,633.3729858398438,1130.9273681640625,890.9274291992188,751.598388671875,901.401611328125,758.1776733398438,719.8223266601562,855.1333618164062,589.8666381835938
126,985.5,501.0,1135.3095703125,633.3095092773438,1131.7825927734375,890.099365234375,751.9871215820312,901.4558715820312,759.0,720.5,855.1333618164062,589.8666381835938
127,986.0,501.5,1135.373046875,633.3729858398438,1131.7825927734375,890.099365234375,751.1121826171875,900.9462890625,758.0,719.5,855.1333618164062,589.8666381835938
128,986.0,501.5,1135.5,633.5,1131.7825927734375,890.099365234375,751.416748046875,901.180419921875,758.7022094726562,719.8267211914062,854.752197265625,589.9611206054688
129,986.0,501.5,1135.06103515625,633.6058959960938,1131.7825927734375,890.099365234375,751.111083984375,900.9385986328125,760.0166625976562,721.4749755859375,855.768310546875,589.5
130,986.0,501.5,1135.4365234375,633.4365234375,1131.7825927734375,890.099365234375,750.9739990234375,900.9503784179688,758.2355346679688,719.7644653320312,855.1522216796875,589.6744995117188
131,985.5,501.5,1135.4365234375,633.4365234375,1131.7825927734375,890.099365234375,750.7130126953125,900.4277954101562,757.7313842773438,719.2686157226562,854.4849243164062,590.152587890625
132,986.0,501.5,1135.5,633.3688354492188,1131.7825927734375,890.099365234375,751.5,901.5,759.5,721.0,854.6856079101562,590.0088500976562
133,986.0,501.5,1135.4365234375,633.4365234375,1130.82421875,890.7679443359375,751.598388671875,901.401611328125,758.2355346679688,719.7644653320312,854.0775756835938,590.0775756835938
134,984.5,500.5,1134.5,632.5,1129.943603515625,889.9435424804688,750.5655517578125,900.4344482421875,758.5,719.5,854.044189453125,589.3848876953125
135,984.2029418945312,498.945556640625,1133.5,631.0,1129.745361328125,888.7528076171875,750.535400390625,899.4320068359375,757.5,717.5,853.2535400390625,587.7839965820312
136,985.5,495.5,1132.7391357421875,629.029052734375,1129.5565185546875,887.556884765625,750.705810546875,897.9937744140625,757.5,715.5,852.8268432617188,585.2218627929688
137,985.5,490.5,1131.675048828125,626.6050415039062,1128.5,887.5,750.941650390625,896.058349609375,758.5,713.5,852.6795043945312,581.5
138,987.5,486.5,1130.19189453125,624.1488647460938,1129.5081787109375,885.5081176757812,751.5,893.5,760.285400390625,711.228759765625,851.5560302734375,577.2728271484375
139,985.5,480.5,1129.6602783203125,621.7943115234375,1128.959716796875,884.9596557617188,750.7576904296875,891.2569580078125,759.0,706.5,850.3467407226562,573.3736572265625
140,987.5,476.5,1129.5,619.5,1128.6204833984375,884.6199951171875,751.6942749023438,889.030517578125,759.0750122070312,703.9249877929688,849.5,569.5
141,989.9396362304688,473.0603332519531,1129.2822265625,617.2822875976562,1128.5,883.5,752.4549560546875,887.6229248046875,760.2492065429688,701.9172973632812,848.5003051757812,566.2536010742188
142,991.5,469.5,1128.26611328125,616.26611328125,1128.856201171875,882.8025512695312,752.3234252929688,885.1513671875,760.3305053710938,698.6694946289062,847.5,563.3095092773438
143,992.5,465.5,1129.3399658203125,613.3400268554688,1129.45166015625,881.4515991210938,752.51318359375,882.9879760742188,761.6764526367188,697.3235473632812,846.8890380859375,560.2238159179688
144,993.9352416992188,461.75299072265625,1128.5,613.5,1127.5,882.5,753.5,882.5,761.4859619140625,695.01123046875,846.333251953125,557.7488403320312
145,995.5,459.0,1128.0726318359375,612.0725708007812,1128.1748046875,881.6533813476562,753.8523559570312,880.4843139648438,762.7523193359375,693.8096313476562,846.27197265625,554.1817016601562
146,998.5,458.5,1128.7021484375,610.1649169921875,1128.69677734375,880.6967163085938,753.3821411132812,879.195068359375,762.0250244140625,690.9749755859375,845.5,552.5
147,999.5,457.5,1127.5,610.5,1127.5355224609375,881.1331787109375,752.95654296875,877.6521606445312,761.7802124023438,688.0653686523438,844.6932373046875,550.5910034179688
148,997.5,455.5,1127.6368408203125,610.4244995117188,1128.5,880.5,753.1792602539062,876.886962890625,761.870849609375,687.7633666992188,844.989013671875,549.332763671875
149,998.3880615234375,455.6399230957031,1127.7825927734375,610.099365234375,1128.25732421875,880.3204345703125,753.6861572265625,877.1190185546875,761.994140625,687.53369140625,844.7103271484375,548.758544921875
150,998.3212280273438,455.72344970703125,1127.7825927734375,610.099365234375,1128.25732421875,880.3204345703125,753.3493041992188,876.6492309570312,762.2555541992188,687.6777954101562,844.3931274414062,548.81298828125
151,998.27490234375,455.7626037597656,1127.7825927734375,610.099365234375,1128.28857421875,880.2886352539062,753.28857421875,876.5821533203125,761.9833984375,687.52490234375,844.4996948242188,548.7463989257812
152,998.440185546875,455.57476806640625,1127.2271728515625,610.6452026367188,1128.28857421875,880.2886352539062,753.8250122070312,877.1749877929688,761.813720703125,687.5,844.4532470703125,548.5327758789062
153,998.2562866210938,455.7436828613281,1127.5,610.5,1128.7584228515625,880.0224609375,753.8250122070312,877.1749877929688,762.7970581054688,688.054443359375,844.4514770507812,548.776611328125
154,998.2562866210938,455.7436828613281,1127.5,610.5,1127.360107421875,881.2538452148438,753.373291015625,876.7523803710938,762.0596923828125,687.5870971679688,844.5,548.5
155,998.4910278320312,455.9388427734375,1127.7825927734375,610.099365234375,1128.5,880.5,753.474365234375,876.44873046875,761.9528198242188,687.5,844.5,548.5
156,998.4910278320312,455.9388427734375,1127.7825927734375,610.099365234375,1128.5,880.5,753.5,877.0384521484375,761.9528198242188,687.5,843.9647216796875,548.87548828125
157,998.4910278320312,455.9388427734375,1127.5,610.5,1128.574951171875,880.5750122070312,753.5,876.8157958984375,762.1793823242188,687.6847534179688,844.5,548.5
158,998.4910278320312,455.9388427734375,1127.943603515625,609.9435424804688,1128.5,880.5,753.8199462890625,877.1709594726562,762.5,687.5,844.4617309570312,548.7182006835938
159,998.4910278320312,455.9388427734375,1127.943603515625,609.9435424804688,1128.2701416015625,880.3342895507812,753.5,876.8157958984375,762.19384765625,687.5,844.5,548.5
160,997.964111328125,454.9198913574219,1127.9000244140625,609.9000244140625,1129.5,879.5,752.6428833007812,876.6428833007812,762.9530029296875,688.0469970703125,844.5,548.7461547851562
161,997.964111328125,454.9198913574219,1127.5,610.0,1127.0887451171875,881.0886840820312,753.66845703125,876.7612915039062,762.2555541992188,687.6777954101562,844.0,548.7307739257812
162,997.964111328125,454.9198913574219,1128.0,609.5,1127.360107421875,881.2538452148438,753.0377807617188,876.4611206054688,762.9385986328125,688.0614013671875,844.0,548.7307739257812
163,998.5,455.5,1128.0,609.5,1127.0887451171875,881.0886840820312,753.3805541992188,876.8455200195312,761.9833984375,687.52490234375,844.0,548.7307739257812
164,998.5,455.5,1127.0262451171875,610.7949829101562,1128.2767333984375,880.7418823242188,752.818359375,877.0069580078125,762.8051147460938,688.1948852539062,843.8198852539062,548.648681640625
165,997.964111328125,454.9198913574219,1128.3702392578125,609.223876953125,1126.756591796875,881.3207397460938,753.4304809570312,876.8629150390625,762.8051147460938,688.1948852539062,843.763671875,548.991455078125
166,997.964111328125,454.9198913574219,1127.7825927734375,610.099365234375,1127.39453125,881.1927490234375,753.7938842773438,876.8473510742188,761.9833984375,687.52490234375,843.7830200195312,548.8734130859375
167,998.5,455.5,1128.3702392578125,609.223876953125,1129.5,879.5,753.538330078125,876.9156494140625,763.3529663085938,688.2941284179688,844.0,548.5
168,998.5,455.5,1128.0,609.5,1127.1854248046875,881.0211181640625,753.5,876.5,762.7247314453125,687.6806030273438,843.6610107421875,548.9915161132812
169,998.5,455.5,1128.402099609375,609.176513671875,1128.0281982421875,880.794677734375,753.5,876.5,762.5424194335938,687.60546875,842.85595703125,549.220703125
170,998.5,455.5,1128.402099609375,609.176513671875,1127.742431640625,880.9915161132812,753.80712890625,877.3338623046875,763.0083618164062,687.9916381835938,843.2625122070312,548.9017333984375
171,997.7941284179688,455.20587158203125,1127.8763427734375,609.6057739257812,1128.4754638671875,880.4752197265625,753.3493041992188,876.6492309570312,762.3400268554688,687.5,843.5,548.5
172,997.7941284179688,455.20587158203125,1127.7825927734375,610.099365234375,1128.48681640625,880.3825073242188,753.8250122070312,877.1749877929688,761.9528198242188,687.5,843.5,548.5
173,1000.5,457.0,1127.7825927734375,610.099365234375,1127.360107421875,881.2538452148438,752.7588500976562,876.6548461914062,762.240234375,687.8246459960938,843.8692016601562,548.8314208984375
174,1000.2139892578125,456.75421142578125,1127.7427978515625,610.0652465820312,1127.360107421875,881.2538452148438,753.5,876.5,762.240234375,687.8246459960938,844.112548828125,548.4048461914062
175,997.5,454.5,1128.780029296875,608.780029296875,1128.0281982421875,880.794677734375,753.5,876.611083984375,763.5,688.5,842.8956298828125,549.1895751953125
176,998.5,455.5,1128.9964599609375,608.5454711914062,1128.3203125,880.388671875,753.0687866210938,876.471923828125,763.1139526367188,687.808837890625,843.9373168945312,548.7789916992188
177,1000.2139892578125,456.75421142578125,1128.3702392578125,609.223876953125,1127.360107421875,881.2538452148438,753.3919677734375,876.9243774414062,763.5,688.5,843.9489135742188,548.7700805664062
178,999.0,456.0,1127.943603515625,609.9435424804688,1128.574951171875,880.5750122070312,753.2901611328125,876.5299682617188,761.813720703125,687.5,843.9489135742188,548.7700805664062
179,999.0,456.0,1127.5,610.5,1128.0,880.8150634765625,753.2838134765625,876.7432250976562,761.9528198242188,687.5,843.5303955078125,549.0919799804688
180,998.5,455.5,1128.3614501953125,609.2191162109375,1128.5,880.5,753.28857421875,876.5821533203125,762.8051147460938,688.1948852539062,843.77490234375,548.579833984375
181,999.5,456.5,1127.5,610.5,1128.382568359375,880.38232421875,753.8199462890625,877.1709594726562,762.2562866210938,687.7437133789062,843.77490234375,548.579833984375
182,997.7941284179688,455.20587158203125,1128.780029296875,608.780029296875,1127.360107421875,881.2538452148438,753.5,876.5,762.8051147460938,688.1948852539062,844.5,548.1521606445312
183,997.7941284179688,455.20587158203125,1127.4754638671875,610.1932373046875,1127.39453125,881.1927490234375,753.7830200195312,876.8604125976562,762.8051147460938,688.1948852539062,844.1071166992188,548.1785888671875
184,999.0,456.0,1127.2464599609375,610.5,1129.5,879.5,753.6326904296875,876.5247802734375,762.8051147460938,688.1948852539062,844.1071166992188,548.1785888671875
185,998.5,455.5,1127.5,610.5,1128.2767333984375,880.7418823242188,753.9926147460938,877.3076171875,762.8051147460938,688.1948852539062,843.3633422851562,548.6998291015625
186,999.0,456.0,1128.3614501953125,609.2191162109375,1128.8013916015625,880.05712890625,753.7830200195312,876.8604125976562,762.8051147460938,688.1948852539062,843.9439697265625,548.5982055664062
187,998.759765625,455.1753234863281,1128.780029296875,608.780029296875,1127.39453125,881.1927490234375,753.8250122070312,877.1749877929688,762.8051147460938,688.1948852539062,844.1071166992188,548.1785888671875
188,1000.5,457.0,1127.5,610.0,1127.451904296875,881.0828857421875,753.182373046875,876.776123046875,762.6675415039062,687.9091796875,844.1071166992188,548.1785888671875
189,999.0,455.5,1128.3614501953125,609.2191162109375,1127.360107421875,881.2538452148438,753.1802978515625,876.8494262695312,763.3529663085938,688.2941284179688,844.0105590820312,548.3069458007812
190,999.5,456.0,1127.7822265625,609.7822875976562,1128.5,880.5,753.8250122070312,877.1749877929688,761.9833984375,687.52490234375,844.0,548.5
191,1000.5,457.0,1127.2464599609375,610.5,1128.6097412109375,880.0975341796875,753.28857421875,876.5821533203125,762.3035278320312,687.5633544921875,844.0,548.5
192,998.5,455.5,1127.2464599609375,610.5,1127.39453125,881.1927490234375,753.2838134765625,876.7432250976562,761.9528198242188,687.5,844.0,548.5
193,999.0083618164062,455.9916687011719,1127.5,610.5,1129.1763916015625,880.2392578125,753.8380737304688,876.9398803710938,761.9833984375,687.52490234375,843.2059936523438,548.8518676757812
194,1000.0,457.5,1127.5604248046875,610.7220458984375,1129.561279296875,880.248291015625,753.3190307617188,877.9188842773438,763.2772216796875,689.0841674804688,843.9285888671875,549.5
195,998.5,458.5,1127.9923095703125,612.2760620117188,1127.5,882.5,753.281494140625,880.1324462890625,761.5,690.340576171875,844.0187377929688,551.30712890625
196,997.5,461.5,1129.5,613.5,1129.3326416015625,881.749267578125,752.8939819335938,881.6027221679688,761.0765380859375,692.6195678710938,844.6909790039062,553.8737182617188
197,997.5,465.5,1129.2210693359375,616.5772705078125,1128.5,883.5,754.0419921875,884.2374267578125,761.7268676757812,695.2731323242188,845.4187622070312,556.4818725585938
198,993.5,467.5,1130.0667724609375,618.6148681640625,1128.856201171875,884.8025512695312,752.51318359375,884.9879760742188,761.0416870117188,697.9583129882812,845.721923828125,559.4093017578125
199,993.27392578125,471.089111328125,1131.5167236328125,619.6133422851562,1129.2822265625,885.2822875976562,752.5,887.5,761.9583129882812,701.0416870117188,846.5,562.5
200,992.9811401367188,476.33843994140625,1131.1639404296875,622.68310546875,1129.2869873046875,886.3279418945312,752.2335815429688,889.6915283203125,760.7847900390625,703.1556396484375,847.9774169921875,565.742431640625
201,991.5,479.5,1132.379638671875,624.1868286132812,1130.2034912109375,886.7288818359375,751.7622680664062,891.7622680664062,760.5,705.5,849.189208984375,569.0877075195312
202,991.0,483.5,1133.394775390625,625.6052856445312,1130.099365234375,887.7825927734375,751.2716064453125,893.0656127929688,760.7750244140625,708.2249755859375,850.5,572.5
203,990.5,487.5,1132.8162841796875,628.4126586914062,1129.5,889.0,751.5,895.5,759.0750122070312,709.9249877929688,851.2493286132812,575.3773193359375
204,988.5,490.5,1133.8145751953125,629.9788818359375,1130.0655517578125,889.3089599609375,751.0,896.5,759.8801879882812,713.1198120117188,851.6761474609375,578.8197631835938
205,989.5,495.5,1134.138671875,631.7556762695312,1130.900634765625,889.2174072265625,751.7379150390625,897.9525756835938,759.6311645507812,715.3688354492188,852.9276123046875,581.8634033203125
206,986.5,496.5,1134.59521484375,632.59521484375,1131.4425048828125,889.553955078125,750.83056640625,898.905517578125,759.3770751953125,716.5450439453125,853.5,584.5
207,985.9061279296875,499.48980712890625,1135.2705078125,633.3538208007812,1131.7822265625,889.7822875976562,750.720947265625,899.7733764648438,759.5,719.5,853.47802734375,587.3240356445312
208,987.5,501.5,1135.7122802734375,633.0546875,1131.7825927734375,890.099365234375,751.3770751953125,900.5450439453125,758.93798828125,720.06201171875,853.516357421875,588.7025756835938
209,986.0,501.5,1135.3145751953125,633.3145141601562,1131.5,890.5,751.05078125,900.9217529296875,758.2692260742188,720.8076782226562,854.8283081054688,589.242431640625
210,985.5,501.5,1135.373046875,633.3729858398438,1131.2174072265625,890.900634765625,751.1549072265625,901.4200439453125,758.2249755859375,720.7750244140625,854.1716918945312,589.757568359375
211,985.5,501.5,1135.7584228515625,633.0112915039062,1131.5,890.5,751.598388671875,901.401611328125,758.2249755859375,720.7750244140625,854.1716918945312,589.757568359375
212,985.0,501.5,1135.373046875,633.3729858398438,1131.5,890.5,751.404541015625,901.1947021484375,758.2113647460938,720.7565307617188,854.1716918945312,589.757568359375
213,986.5,502.5,1135.373046875,633.3729858398438,1131.5,890.5,751.3076782226562,901.3076782226562,757.5,719.5,854.1716918945312,589.757568359375
214,986.5,502.5,1135.5,633.5,1131.5,890.5,750.614501953125,901.0953979492188,759.4277954101562,721.669677734375,854.1819458007812,590.0012817382812
215,985.0,501.5,1135.5,633.5,1131.5,890.5,750.6771850585938,901.0756225585938,758.5,720.5,854.1819458007812,590.0012817382812
216,985.0,501.5,1134.876708984375,634.013671875,1130.7769775390625,891.0731201171875,750.8770751953125,901.009521484375,757.6513061523438,719.9988403320312,854.95654296875,589.4347534179688
217,985.0,501.5,1136.27783203125,632.5238647460938,1131.5,890.5,750.852783203125,900.99560546875,758.5,720.5,854.0775756835938,590.0775756835938
218,985.0,501.5,1135.373046875,633.3729858398438,1131.5,890.5,751.5,901.5,758.0,720.5,855.5,589.1056518554688
219,985.0,501.5,1135.274658203125,633.5,1131.056396484375,891.0564575195312,751.5,901.5,757.5,719.5,854.0775756835938,590.0775756835938
220,986.5,502.5,1135.476806640625,633.7432861328125,1130.0323486328125,892.1524658203125,750.98388671875,901.4978637695312,758.5,720.5,855.0872802734375,589.341796875
221,985.0,501.5,1135.5,633.5,1131.5,890.5,750.7803344726562,900.7013549804688,758.5,720.5,855.0872802734375,589.341796875
222,985.0,501.5,1135.3529052734375,633.8392944335938,1131.5,890.5,750.9488525390625,901.07666015625,758.6973876953125,720.256103515625,854.1857299804688,590.0428466796875
223,985.0,501.5,1135.5,633.5,1131.5,890.5,750.9757080078125,901.2864379882812,758.5,720.5,854.95654296875,589.4347534179688
224,985.0,501.5,1135.5,633.5,1131.5,890.5,751.1875,901.1875,758.3429565429688,720.6570434570312,854.1819458007812,590.0012817382812
225,985.0,501.5,1135.5,633.5,1131.5,890.5,751.5,901.5,757.5297241210938,719.46435546875,854.5850219726562,589.7064819335938
226,985.5,502.0,1135.5,633.5,1131.5,890.5,750.8823852539062,901.0338745117188,757.5,719.5,854.4965209960938,589.9791259765625
227,985.5,502.0,1135.5,633.5,1131.5,890.5,750.9488525390625,901.07666015625,757.5,719.5,854.5850219726562,589.7064819335938
228,985.5,502.0,1136.27783203125,632.5238647460938,1131.5,890.5,750.8823852539062,901.0338745117188,758.3429565429688,720.6570434570312,854.1893310546875,589.995849609375
229,984.5,501.5,1135.5732421875,633.0916137695312,1131.555419921875,890.3193359375,750.9977416992188,901.1671142578125,759.5,721.5,854.1974487304688,589.9899291992188
230,985.5,502.0,1135.9864501953125,632.7973022460938,1131.6668701171875,890.21142578125,751.401611328125,901.598388671875,758.6271362304688,720.3154907226562,854.78466796875,590.3102416992188
231,984.5,501.5,1135.9864501953125,632.7973022460938,1131.5,890.5,751.180419921875,901.416748046875,758.3758544921875,720.2180786132812,854.752197265625,589.9611206054688
232,984.5,501.5,1135.7122802734375,633.0546875,1131.5,890.5,750.9320678710938,900.353515625,758.72314453125,720.27685546875,855.1716918945312,589.757568359375
233,985.5,502.0,1135.5,633.5,1131.5,890.5,750.7130126953125,900.4277954101562,758.72314453125,720.27685546875,854.4849243164062,590.152587890625
234,985.0,501.5,1135.5,633.5,1131.5,890.5,751.6382446289062,901.7926025390625,757.5,719.5,854.752197265625,589.9611206054688
235,984.5,501.5,1135.274658203125,633.5,1131.5,890.5,751.1393432617188,901.1393432617188,757.5,719.5,855.1144409179688,589.3192749023438
236,984.0,501.0,1135.9864501953125,632.7973022460938,1131.5,890.5,752.140380859375,901.9495239257812,757.5,719.5,854.0999755859375,590.0999755859375
237,984.5,501.5,1135.5,633.5,1130.9273681640625,890.9274291992188,751.404541015625,901.1947021484375,758.3429565429688,720.6570434570312,854.8263549804688,589.907958984375
238,985.5,502.0,1135.5,633.5,1131.5,890.5,751.5,901.5,757.8801879882812,720.1198120117188,854.7305297851562,589.9766235351562
239,985.5,502.0,1135.373046875,633.3729858398438,1131.5,890.5,751.5,901.5,758.2916870117188,720.7083129882812,855.0,590.1666870117188
240,985.0,501.5,1135.373046875,633.3729858398438,1130.9273681640625,890.9274291992188,751.3076782226562,901.3076782226562,757.5,719.5,854.9548950195312,590.30322265625
241,985.5,502.0,1135.373046875,633.3729858398438,1131.5,890.5,750.8583984375,901.0184326171875,757.5,719.5,855.37353515625,589.8261108398438
242,985.5,502.0,1135.373046875,633.3729858398438,1131.5,890.5,750.7803344726562,900.7013549804688,757.5,719.5,855.3358154296875,589.6641845703125
243,984.5,501.5,1135.274658203125,633.5,1131.5,890.5,750.9488525390625,901.07666015625,756.7928466796875,718.7403564453125,855.1841430664062,589.9246826171875
244,984.5,501.5,1135.9864501953125,632.7973022460938,1131.5,890.5,751.401611328125,901.598388671875,758.5,720.5,854.2935180664062,589.970947265625
245,984.5,501.5,1135.373046875,633.3729858398438,1130.76708984375,891.0616455078125,750.8583984375,901.0184326171875,759.5,721.5,854.212158203125,590.333740234375
246,983.9705810546875,501.29412841796875,1136.27783203125,632.5238647460938,1130.9273681640625,890.9274291992188,751.0,901.5,758.5,720.5,854.5,589.8333129882812
247,984.5,501.5,1135.373046875,633.3729858398438,1131.5,890.5,751.5,901.5,757.5,719.5,854.6163330078125,590.0584716796875
248,985.5,502.0,1135.595947265625,633.5,1131.5,890.5,751.5,901.5,757.5,719.5,855.2269287109375,589.8887939453125
249,985.5770263671875,502.1344299316406,1136.27783203125,632.5238647460938,1131.5,890.5,750.852783203125,900.99560546875,758.2113647460938,720.7565307617188,855.129150390625,589.7904663085938
250,985.5770263671875,502.1344299316406,1135.7584228515625,633.0112915039062,1131.5,890.5,751.7296142578125,901.905517578125,758.72314453125,720.27685546875,855.0,589.5
251,985.5,502.0,1135.9864501953125,632.7973022460938,1130.9273681640625,890.9274291992188,751.1875,901.1875,758.5,720.5,854.7583618164062,590.0271606445312
252,984.5,501.5,1134.86474609375,634.0291748046875,1130.9273681640625,890.9274291992188,751.0584716796875,900.9584350585938,758.5,720.5,854.756591796875,590.3289184570312
253,984.5,501.5,1135.274658203125,633.5,1131.7825927734375,890.099365234375,751.057861328125,900.9554443359375,758.3333129882812,720.3333129882812,855.1716918945312,589.757568359375
254,983.9705810546875,501.29412841796875,1135.0360107421875,633.0360107421875,1131.0,889.8478393554688,750.8154907226562,900.9741821289062,757.5,719.5,854.1819458007812,590.0012817382812
255,984.5,501.5,1133.6793212890625,632.243408203125,1129.7177734375,889.7177124023438,749.926513671875,900.2168579101562,758.0,719.0,854.1320190429688,589.0878295898438
256,983.5,497.5,1132.59521484375,630.59521484375,1129.2174072265625,888.900634765625,751.2802734375,899.3312377929688,756.8846435546875,716.5,854.369140625,586.1542358398438
257,983.5,493.5,1131.3690185546875,628.8928833007812,1129.7177734375,887.7177124023438,750.5132446289062,897.0054321289062,757.5,713.5,852.7061157226562,583.8035278320312
258,987.5,490.5,1130.892578125,625.6533203125,1128.8306884765625,886.8306274414062,751.2802734375,895.3312377929688,758.5,711.5,851.9786376953125,579.9486694335938
259,985.813232421875,483.9156494140625,1129.7479248046875,623.69970703125,1128.2359619140625,886.2360229492188,751.2160034179688,892.674072265625,758.5504150390625,708.4495849609375,851.1726684570312,575.4310913085938
260,986.5,479.5,1129.0887451171875,621.0886840820312,1128.856201171875,884.8025512695312,751.5,890.51611328125,759.9031982421875,706.6129150390625,850.1826171875,571.6978149414062
261,988.5,475.5,1129.5,618.5,1128.829833984375,883.561767578125,751.5,888.5,758.7415771484375,703.1524658203125,849.3489990234375,568.21728515625
262,991.5,473.5,1128.241455078125,617.9090576171875,1128.2230224609375,883.9268798828125,751.5,886.5,760.6666870117188,700.888916015625,848.5,565.5
263,992.1716918945312,469.242431640625,1129.2177734375,615.2177124023438,1128.8306884765625,882.8306274414062,751.84228515625,884.4921264648438,760.7692260742188,698.7692260742188,848.0639038085938,562.0714111328125
264,993.9396362304688,465.0603332519531,1128.71337890625,614.1484985351562,1129.0,882.0,752.1428833007812,882.7142944335938,761.3643798828125,695.6356201171875,846.9710083007812,559.2064819335938
265,995.2265014648438,461.77349853515625,1128.3692626953125,613.1591186523438,1127.544677734375,882.6672973632812,752.5843505859375,881.3577880859375,761.447021484375,693.7240600585938,846.5,556.5
266,998.3983154296875,460.6016845703125,1128.0726318359375,612.0725708007812,1128.3798828125,881.2398071289062,753.8523559570312,880.4843139648438,761.5,691.5,846.1283569335938,553.802734375
267,997.5,457.5,1128.3951416015625,610.3951416015625,1128.8306884765625,880.8306274414062,753.5,878.9179077148438,761.5,689.5,845.1600952148438,551.9317016601562
268,998.0,456.5,1128.1693115234375,610.1693725585938,1128.82421875,880.7679443359375,753.0587158203125,877.7164916992188,761.7156372070312,688.0185546875,844.9337158203125,550.1957397460938
269,997.3067016601562,455.6932678222656,1127.6727294921875,610.6201782226562,1129.2869873046875,880.3279418945312,753.5,877.5,761.870849609375,687.7633666992188,845.1198120117188,549.3057250976562
270,997.5,455.5,1128.0726318359375,610.0725708007812,1129.198486328125,880.226806640625,753.5,877.5,762.7711791992188,688.2288208007812,845.3262939453125,548.726318359375
271,997.5,455.5,1128.0726318359375,610.0725708007812,1129.0908203125,880.2871704101562,753.59765625,876.9237670898438,762.1946411132812,687.7899780273438,845.110595703125,549.110595703125
272,997.5,455.5,1127.5,610.6270141601562,1128.574951171875,880.5750122070312,754.215087890625,877.8111572265625,762.1946411132812,687.7899780273438,844.6610107421875,548.9915161132812
273,997.5,455.5,1127.5762939453125,610.5531005859375,1128.574951171875,880.5750122070312,753.8199462890625,877.1709594726562,762.1946411132812,687.7899780273438,844.6088256835938,548.9132690429688
274,998.5,456.5,1127.5,610.6270141601562,1129.198486328125,880.226806640625,752.8809814453125,876.8809814453125,761.870849609375,687.7633666992188,844.4492797851562,549.0188598632812
275,997.5,455.5,1127.5762939453125,610.5531005859375,1129.0908203125,880.2871704101562,753.8199462890625,877.1709594726562,761.5941772460938,687.56689453125,844.4492797851562,549.0188598632812
276,997.5,455.5,1127.4019775390625,610.721923828125,1128.574951171875,880.5750122070312,753.8250122070312,877.1749877929688,762.7711791992188,688.2288208007812,844.4492797851562,549.0188598632812
277,997.5,455.5,1127.5,610.5,1129.0908203125,880.2871704101562,753.68359375,876.9000244140625,762.7711791992188,688.2288208007812,844.0,549.24658203125
278,997.5,455.5,1127.5,610.5,1129.1763916015625,880.2392578125,753.8250122070312,877.1749877929688,761.5,687.5,844.4492797851562,549.0188598632812
279,997.5,455.5,1127.2969970703125,610.8646850585938,1128.574951171875,880.5750122070312,753.8887939453125,877.2454833984375,761.5,687.5,844.3931274414062,548.81298828125
280,998.5,456.5,1128.0999755859375,610.7000122070312,1128.57080078125,881.2122192382812,753.5,877.5,761.5,687.5,843.6624755859375,549.3197631835938
281,998.5,456.5,1127.5,610.6270141601562,1128.0,881.0,753.5,877.5,762.3212280273438,687.8003540039062,844.0,549.24658203125
282,998.5,456.5,1128.0958251953125,610.050048828125,1128.574951171875,880.5750122070312,753.5,876.5,761.5,687.5,843.7750854492188,549.360595703125
283,998.5,456.5,1127.5,610.5,1128.0,881.0,753.5,876.76416015625,761.5,687.5,844.5,548.5
284,998.5,456.5,1127.5,610.5,1127.742431640625,880.9915161132812,753.7501220703125,876.5779418945312,761.5,687.5,844.5,548.5
285,998.5,456.5,1128.2733154296875,609.5599365234375,1127.742431640625,880.9915161132812,752.8472900390625,877.2349853515625,761.5,687.5,844.498291015625,548.7474365234375
286,998.5,456.5,1127.5,610.5,1129.1427001953125,880.2581787109375,753.5,877.1065673828125,761.5,687.5,844.4514770507812,548.776611328125
287,1000.0,457.5,1127.358642578125,610.7638549804688,1127.81298828125,881.0699462890625,752.748779296875,876.459228515625,761.5,687.5,844.3931274414062,548.81298828125
288,998.5,456.5,1127.5,610.5,1128.0926513671875,880.844482421875,753.5,877.0,761.5,687.5,844.4514770507812,548.776611328125
289,998.5,456.5,1127.5,610.5,1128.8284912109375,880.5631103515625,753.5,877.5,761.5,687.5,843.7750854492188,549.360595703125
290,998.5,456.5,1127.5,610.5,1129.198486328125,880.226806640625,753.0133056640625,877.188232421875,762.1946411132812,687.7899780273438,844.3931274414062,548.81298828125
291,1000.0,457.5,1127.943603515625,609.9435424804688,1129.0908203125,880.2871704101562,754.0,877.6521606445312,761.5,687.5,844.3931274414062,548.81298828125
292,999.0,456.5,1127.943603515625,609.9435424804688,1129.0908203125,880.2871704101562,752.8909301757812,877.2645263671875,761.83837890625,687.5187377929688,844.4674682617188,548.7589111328125
293,999.0,456.5,1127.943603515625,609.9435424804688,1129.25,880.5,753.4089965820312,876.8978271484375,762.1946411132812,687.7899780273438,844.498291015625,548.7474365234375
294,999.0,456.5,1127.5,610.5,1129.0908203125,880.2871704101562,753.2002563476562,877.2371215820312,761.870849609375,687.7633666992188,844.4514770507812,548.776611328125
295,999.0,456.5,1127.943603515625,609.9435424804688,1129.41455078125,880.7189331054688,752.8472900390625,877.2349853515625,761.870849609375,687.7633666992188,844.4563598632812,548.7489013671875
296,1000.1016845703125,457.6576843261719,1127.5,610.5,1129.162841796875,880.3838500976562,753.9103393554688,877.123291015625,762.2953491210938,687.8665771484375,844.45703125,548.7448120117188
297,999.5,457.0,1127.5,610.5,1129.27685546875,880.3163452148438,753.80712890625,877.3338623046875,761.870849609375,687.7633666992188,844.4514770507812,548.776611328125
298,1000.1016845703125,457.6576843261719,1127.5821533203125,610.6373901367188,1129.198486328125,880.226806640625,753.5885620117188,876.5369873046875,761.870849609375,687.7633666992188,844.498291015625,548.7474365234375
299,999.5,457.0,1127.5,610.6270141601562,1128.352294921875,880.86376953125,753.8250122070312,877.1749877929688,761.5948486328125,687.5673828125,844.498291015625,548.7474365234375
300,997.5,455.5,1127.7548828125,610.1802978515625,1128.2220458984375,881.0148315429688,753.7481689453125,876.8243408203125,761.870849609375,687.7633666992188,844.4514770507812,548.776611328125
301,997.5,455.5,1127.943603515625,609.9435424804688,1129.1763916015625,880.2392578125,753.8199462890625,877.1709594726562,762.3212280273438,687.8003540039062,844.4514770507812,548.776611328125
302,997.5,455.5,1128.31640625,609.7551879882812,1128.548828125,880.5487670898438,753.3737182617188,877.0773315429688,761.870849609375,687.7633666992188,844.4514770507812,548.776611328125
303,997.5,455.5,1127.943603515625,609.9435424804688,1128.2220458984375,881.0148315429688,753.8199462890625,877.1709594726562,762.8051147460938,688.1948852539062,844.2960205078125,548.64306640625
304,997.5,455.5,1127.5,610.5,1128.8211669921875,880.7646484375,753.8199462890625,877.1709594726562,762.3633422851562,687.569091796875,844.4514770507812,548.776611328125
305,997.5678100585938,455.43218994140625,1127.5,610.5,1128.69677734375,880.6967163085938,753.8250122070312,877.1749877929688,761.9833984375,687.52490234375,844.498291015625,548.7474365234375
306,997.5678100585938,455.43218994140625,1127.7548828125,610.1802978515625,1128.4837646484375,880.4837646484375,753.5,876.8157958984375,762.0596923828125,687.5870971679688,844.2874145507812,548.81396484375
307,997.5678100585938,455.43218994140625,1127.943603515625,609.9435424804688,1128.352294921875,880.86376953125,753.172119140625,877.1393432617188,761.5,687.5,844.498291015625,548.7474365234375
308,997.5,455.5,1127.943603515625,609.9435424804688,1129.198486328125,880.226806640625,753.1712036132812,877.1712036132812,761.5,687.5,844.4514770507812,548.776611328125
309,997.5678100585938,455.43218994140625,1127.943603515625,609.9435424804688,1128.4837646484375,880.4837646484375,754.23583984375,877.5,761.5941772460938,687.56689453125,844.498291015625,548.7474365234375
310,997.5678100585938,455.43218994140625,1127.943603515625,609.9435424804688,1128.574951171875,880.5750122070312,753.5,877.5,761.5,687.5,844.4514770507812,548.776611328125
311,997.5678100585938,455.43218994140625,1127.943603515625,609.9435424804688,1129.198486328125,880.226806640625,753.4354858398438,877.1192626953125,762.3212280273438,687.8003540039062,844.5,548.5
312,998.5,456.0,1127.7659912109375,610.0850830078125,1128.4837646484375,880.4837646484375,753.4354858398438,877.1192626953125,761.83837890625,687.5187377929688,844.4617309570312,548.7182006835938
313,997.5,455.5,1127.943603515625,609.9435424804688,1127.742431640625,880.9915161132812,754.1718139648438,877.4493408203125,761.9833984375,687.52490234375,844.498291015625,548.7474365234375
314,997.5,455.5,1128.5,609.5,1129.1763916015625,880.2392578125,753.4304809570312,876.8629150390625,762.3212280273438,687.8003540039062,844.4398803710938,548.5421752929688
315,999.5,457.0,1127.7825927734375,610.099365234375,1127.5,881.5,753.6651611328125,876.7593994140625,762.7711791992188,688.2288208007812,844.5,548.5
316,999.5,457.0,1127.43212890625,610.6214599609375,1127.742431640625,880.9915161132812,753.6939697265625,876.978759765625,761.813720703125,687.5,844.4514770507812,548.776611328125
317,999.0,456.5,1128.040283203125,610.0403442382812,1127.742431640625,880.9915161132812,753.8199462890625,877.1709594726562,762.1946411132812,687.7899780273438,844.5,548.45654296875
318,999.5,457.0,1127.5,610.5,1128.2767333984375,880.7418823242188,752.8472900390625,877.2349853515625,762.7711791992188,688.2288208007812,844.3931274414062,548.81298828125
319,999.5,457.0,1127.5,610.5,1128.2767333984375,880.7418823242188,753.5,876.8157958984375,762.0596923828125,687.5870971679688,844.2723999023438,548.6016845703125
320,997.5,455.5,1127.5,610.5,1129.511474609375,879.8833618164062,753.8250122070312,877.1749877929688,761.5,687.5,844.4489135742188,548.4890747070312
321,997.5,455.5,1127.5,610.5,1128.548828125,880.5487670898438,753.8199462890625,877.1709594726562,761.83837890625,687.5187377929688,844.5,548.45654296875
322,997.5,455.5,1127.5,610.5,1127.742431640625,880.9915161132812,753.5,876.8157958984375,761.5,687.5,844.5,548.6972045898438
323,997.5,455.5,1127.7825927734375,610.099365234375,1128.69677734375,880.6967163085938,753.77685546875,877.1369018554688,762.7970581054688,688.054443359375,844.5,548.5
324,997.5,455.5,1127.7659912109375,610.0850830078125,1129.1380615234375,880.3512573242188,753.7941284179688,877.5,761.83837890625,687.5187377929688,844.5,548.5
325,997.5,455.5,1127.5,610.5,1128.352294921875,880.86376953125,753.9926147460938,877.3076171875,762.0596923828125,687.5870971679688,844.2611694335938,548.7388305664062
326,997.5,455.5,1127.2174072265625,610.900634765625,1129.0908203125,880.2871704101562,753.8199462890625,877.1709594726562,761.870849609375,687.7633666992188,844.45703125,548.7448120117188
327,997.5,455.5,1127.2174072265625,610.900634765625,1128.2767333984375,880.7418823242188,754.1718139648438,877.4493408203125,761.5,687.5,844.5,548.5
328,999.0,456.5,1127.5,610.5,1128.2220458984375,881.0148315429688,752.8809814453125,876.8809814453125,761.870849609375,687.7633666992188,844.4681396484375,548.7567138671875
329,999.0,456.5,1127.5,610.5,1128.1324462890625,881.0640869140625,753.8233642578125,876.9021606445312,762.1946411132812,687.7899780273438,844.4514770507812,548.776611328125
330,999.0,456.5,1127.5,610.5,1127.742431640625,880.9915161132812,754.1718139648438,877.4493408203125,761.83837890625,687.5187377929688,844.3931274414062,548.81298828125
331,998.0,455.5,1127.943603515625,609.9435424804688,1127.742431640625,880.9915161132812,753.4256591796875,877.0613403320312,762.0596923828125,687.5870971679688,844.4514770507812,548.776611328125
332,999.0,456.5,1127.7659912109375,610.0850830078125,1127.742431640625,880.9915161132812,753.8016357421875,877.057861328125,761.5,687.5,844.4514770507812,548.776611328125
333,999.0,456.5,1127.56787109375,610.3785400390625,1128.0,881.0,753.7257080078125,877.0621337890625,761.5,687.5,844.4514770507812,548.776611328125
334,999.0,456.5,1127.6607666015625,610.2132568359375,1128.352294921875,880.86376953125,753.9583129882812,877.0416870117188,761.870849609375,687.7633666992188,844.4514770507812,548.776611328125
335,998.0,455.5,1127.5,610.5,1128.673583984375,880.673583984375,754.1526489257812,877.2061157226562,762.3212280273438,687.8003540039062,844.45703125,548.7448120117188
336,999.0,456.5,1127.971435546875,609.7771606445312,1128.352294921875,880.86376953125,754.0,877.5,762.1946411132812,687.7899780273438,844.498291015625,548.7474365234375
337,999.0,456.5,1127.4019775390625,610.721923828125,1127.6317138671875,881.4080200195312,754.1526489257812,877.2061157226562,761.813720703125,687.5,844.45703125,548.7448120117188
338,999.0,456.5,1127.5,610.5,1128.2109375,881.1936645507812,753.5,877.5,761.5941772460938,687.56689453125,844.498291015625,548.7474365234375
339,999.0,456.5,1127.5,610.5,1128.124755859375,881.0685424804688,753.5,876.8157958984375,761.5,687.5,844.4514770507812,548.776611328125
340,998.1376953125,455.9528503417969,1127.5,610.5,1128.57080078125,881.2122192382812,752.7554931640625,876.46435546875,762.8051147460938,688.1948852539062,844.5,548.7461547851562
341,997.6764526367188,455.3235168457031,1127.5,610.5,1128.0,881.0,752.854736328125,876.4418334960938,762.0596923828125,687.5870971679688,844.3951416015625,548.811767578125
342,998.1376953125,455.9528503417969,1127.5,610.5,1127.742431640625,880.9915161132812,752.748779296875,876.459228515625,762.8051147460938,688.1948852539062,844.498291015625,548.7474365234375
343,998.1376953125,455.9528503417969,1127.943603515625,609.9435424804688,1128.1854248046875,881.0211181640625,752.786865234375,876.759033203125,762.0596923828125,687.5870971679688,843.5303955078125,549.0919799804688
344,998.1376953125,455.9528503417969,1127.5,610.5,1128.4837646484375,880.4837646484375,753.7941284179688,877.5,761.83837890625,687.5187377929688,843.5303955078125,549.0919799804688
345,997.6764526367188,455.3235168457031,1127.7427978515625,610.0652465820312,1127.5,881.5,753.373291015625,876.7523803710938,761.7964477539062,687.5147094726562,844.4514770507812,548.776611328125
346,997.6764526367188,455.3235168457031,1127.43212890625,610.6214599609375,1127.7139892578125,881.484375,753.8187255859375,877.1858520507812,762.0596923828125,687.5870971679688,844.5,548.5
347,998.5,456.5,1127.7825927734375,610.099365234375,1128.352294921875,880.86376953125,753.8250122070312,877.1749877929688,762.3212280273438,687.8003540039062,844.498291015625,548.7474365234375
348,999.0,456.5,1127.7825927734375,610.099365234375,1129.1763916015625,880.2392578125,753.6876220703125,877.1542358398438,761.9738159179688,687.53271484375,844.2960205078125,548.64306640625
349,999.0,456.5,1127.5,610.5,1128.9332275390625,880.3851318359375,753.5,877.5,762.0596923828125,687.5870971679688,844.46826171875,548.6827392578125
350,999.0,456.5,1127.5,610.5,1128.2767333984375,880.7418823242188,754.0,877.5,761.870849609375,687.7633666992188,844.5,548.6617431640625
351,999.0,456.5,1128.3614501953125,609.2191162109375,1129.1763916015625,880.2392578125,754.1718139648438,877.4493408203125,762.5,688.5,844.498291015625,548.7474365234375
352,998.240234375,455.8246765136719,1127.5,610.5,1128.8306884765625,880.8306274414062,753.9926147460938,877.3076171875,762.6356201171875,688.3643798828125,844.4514770507812,548.776611328125
353,999.0,456.5,1127.7825927734375,610.099365234375,1128.2220458984375,881.0148315429688,753.9530639648438,877.6174926757812,761.813720703125,687.5,844.5,548.5
354,999.0,456.5,1127.7825927734375,610.099365234375,1127.9364013671875,881.2070922851562,753.0,877.0,761.870849609375,687.7633666992188,843.9373168945312,548.7789916992188
355,999.0,456.5,1127.7825927734375,610.099365234375,1128.1976318359375,880.9921264648438,753.80712890625,877.3338623046875,761.870849609375,687.7633666992188,843.5303955078125,549.0919799804688
356,999.0,456.5,1127.5,610.5,1128.7879638671875,880.5300903320312,753.8250122070312,877.1749877929688,761.5,687.5,844.0189819335938,548.7742919921875
357,999.0,456.5,1127.943603515625,609.9435424804688,1127.9364013671875,881.2070922851562,753.1712036132812,877.1712036132812,761.5,687.5,843.5,549.1153564453125
358,999.0,456.5,1127.5,610.5,1128.0,881.5,754.1718139648438,877.4493408203125,761.83837890625,687.5187377929688,844.0,548.7307739257812
359,999.0,456.5,1127.6885986328125,610.2393798828125,1127.5,881.5,753.8571166992188,877.2857055664062,761.994140625,687.53369140625,843.5303955078125,549.0919799804688
360,999.0,456.5,1127.5,610.5,1128.5,881.5,753.8148193359375,877.370361328125,761.813720703125,687.5,843.5303955078125,549.0919799804688
361,999.0,456.5,1127.101318359375,611.0130615234375,1129.375,880.4285888671875,753.4354858398438,877.1192626953125,761.5941772460938,687.56689453125,844.5,548.5
362,999.0,456.5,1127.056396484375,611.0564575195312,1129.556396484375,880.6358642578125,754.23583984375,877.5,761.5,687.5,843.5,549.1153564453125
363,999.0,456.5,1127.5,610.5,1129.375244140625,880.4285888671875,754.1718139648438,877.4493408203125,762.6694946289062,688.3305053710938,843.6845703125,549.080810546875
364,998.0,455.5,1127.7864990234375,610.3311157226562,1129.198486328125,880.226806640625,754.1718139648438,877.4493408203125,762.0596923828125,687.5870971679688,844.4996948242188,548.7463989257812
365,998.0,455.5,1127.7864990234375,610.3311157226562,1128.713134765625,880.713134765625,753.8571166992188,877.2857055664062,762.1946411132812,687.7899780273438,843.5303955078125,549.0919799804688
366,1000.0,457.5,1127.5,610.5,1129.2451171875,880.3046264648438,754.0,877.3134155273438,762.8051147460938,688.1948852539062,844.5,548.5
367,998.0,455.5,1127.5,610.5,1129.1763916015625,880.2392578125,754.0589599609375,877.3600463867188,761.5,687.5,843.6610107421875,548.9915161132812
368,999.0,456.5,1127.26416015625,610.8554077148438,1128.574951171875,880.5750122070312,753.8514404296875,877.2042236328125,761.813720703125,687.5,844.0255126953125,548.8328247070312
369,999.0,456.5,1127.5,610.5,1128.69677734375,880.6967163085938,752.8472900390625,877.2349853515625,761.9833984375,687.52490234375,844.4563598632812,548.7489013671875
370,999.0,456.5,1127.4288330078125,610.0239868164062,1128.1324462890625,881.0640869140625,753.7515258789062,877.3416137695312,761.994140625,687.53369140625,844.45703125,548.7448120117188
371,998.7352905273438,456.26470947265625,1126.9722900390625,610.6904907226562,1128.69677734375,880.6967163085938,753.1802978515625,876.8494262695312,761.83837890625,687.5187377929688,844.5,548.45654296875
372,998.7352905273438,456.26470947265625,1127.6705322265625,610.2254638671875,1129.2646484375,880.3235473632812,752.8472900390625,877.2349853515625,761.5,687.5,844.0460205078125,548.732177734375
373,999.0,456.5,1127.5,610.5,1128.574951171875,880.5750122070312,754.0,877.6521606445312,761.870849609375,687.7633666992188,843.976806640625,549.0724487304688
374,999.0,456.5,1127.5,610.5,1128.673583984375,880.673583984375,753.1800537109375,877.1709594726562,762.3212280273438,687.8003540039062,844.0227661132812,548.8464965820312
375,999.0,456.5,1127.1544189453125,610.961669921875,1128.574951171875,880.5750122070312,753.5,877.5,761.870849609375,687.7633666992188,844.4617309570312,548.7182006835938
376,999.0,456.5,1127.2174072265625,610.900634765625,1128.2398681640625,881.1768798828125,753.8250122070312,877.1749877929688,762.5,688.5,844.4514770507812,548.776611328125
377,998.7352905273438,456.26470947265625,1127.2174072265625,610.900634765625,1128.6463623046875,880.6463623046875,753.9788208007812,877.0291137695312,761.870849609375,687.7633666992188,843.8692016601562,548.8314208984375
378,998.240234375,455.8246765136719,1127.943603515625,609.9435424804688,1128.360107421875,881.2538452148438,753.5478515625,876.8687133789062,761.870849609375,687.7633666992188,844.0,548.84423828125
379,998.7352905273438,456.26470947265625,1127.5,610.5,1128.2220458984375,881.0148315429688,753.5,877.5,761.870849609375,687.7633666992188,843.4984741210938,549.1165771484375
380,999.0,456.5,1127.2174072265625,610.900634765625,1128.360107421875,881.2538452148438,753.5,877.5,761.5,687.5,843.8692016601562,548.8314208984375
381,999.0,456.5,1127.5,610.5,1128.4210205078125,880.9736938476562,753.8187255859375,877.1858520507812,762.0596923828125,687.5870971679688,844.3931274414062,548.81298828125
382,999.0,456.5,1127.5,610.5,1129.27685546875,880.3163452148438,753.8187255859375,877.1858520507812,761.5,687.5,843.8692016601562,548.8314208984375
383,999.0,456.5,1127.5,610.5,1128.2392578125,881.1764526367188,753.9926147460938,877.3076171875,762.3212280273438,687.8003540039062,844.0255126953125,548.8328247070312
384,999.0,456.5,1127.8790283203125,609.8790283203125,1128.574951171875,880.5750122070312,752.8472900390625,877.2349853515625,761.870849609375,687.7633666992188,844.4617309570312,548.7182006835938
385,999.0,456.5,1127.971435546875,609.7771606445312,1128.2392578125,881.1764526367188,753.0133056640625,877.188232421875,761.870849609375,687.7633666992188,844.2611694335938,548.7388305664062
386,999.5,457.0,1127.8934326171875,609.8934326171875,1129.2869873046875,880.3279418945312,753.1476440429688,876.5156860351562,761.870849609375,687.7633666992188,844.3511962890625,548.839111328125
387,997.5,455.5,1127.5,610.5,1128.69677734375,880.6967163085938,753.5,877.5,762.6368408203125,688.415771484375,844.360595703125,548.7544555664062
388,997.5,455.5,1127.5,610.5,1128.69677734375,880.6967163085938,753.8048706054688,877.268310546875,761.870849609375,687.7633666992188,844.4514770507812,548.776611328125
389,997.5,455.5,1127.943603515625,609.9435424804688,1128.69677734375,880.6967163085938,753.8514404296875,877.2042236328125,762.4465942382812,687.8106689453125,844.4489135742188,548.4890747070312
390,997.5,455.5,1127.2174072265625,610.900634765625,1128.69677734375,880.6967163085938,753.8514404296875,877.2042236328125,761.870849609375,687.7633666992188,844.5,548.45654296875
391,997.5,455.5,1127.5,610.5,1128.69677734375,880.6967163085938,753.1802978515625,876.8494262695312,762.3212280273438,687.8003540039062,844.4489135742188,548.4890747070312
392,997.5,455.5,1127.8514404296875,610.28662109375,1128.5,881.5,753.5,877.0,762.9495849609375,688.0740356445312,844.5,548.5
393,997.5,455.5,1127.6705322265625,610.2254638671875,1129.10546875,881.072509765625,753.172119140625,877.1393432617188,762.1946411132812,687.7899780273438,844.45703125,548.7448120117188
394,999.0,456.5,1127.2718505859375,610.847900390625,1128.3797607421875,881.5689697265625,753.1712036132812,877.1712036132812,762.6694946289062,688.3305053710938,844.4514770507812,548.776611328125
395,999.0,456.5,1127.5,610.5,1128.5,881.0,753.1802978515625,876.8494262695312,761.7964477539062,687.5147094726562,844.4617309570312,548.7182006835938
396,997.5,455.5,1127.101318359375,611.0130615234375,1128.5,881.5,753.625,877.375,762.1946411132812,687.7899780273438,844.0255126953125,548.8328247070312
397,999.0,456.5,1127.943603515625,609.9435424804688,1128.5,881.5,754.304443359375,877.877197265625,761.6376342773438,687.5977172851562,844.4514770507812,548.776611328125
